Site,MAP,GDGT-0,GDGT-1',isoGDGT-1,isoGDGT-2',isoGDGT-2,isoGDGT-3',isoGDGT-3,isoGDGT-4,Crenarchaeol,Cren',brGDGT Ia,brGDGT Ib,brGDGT Ic,brGDGT IIa ,brGDGT IIa',brGDGT IIb,brGDGT IIb',brGDGT IIc,brGDGT IIc',brGDGT IIIa,brGDGT IIIa',brGDGT IIIb,brGDGT IIIb',brGDGT IIIc,brGDGT IIIc'
site_1,1665,0.0067,0.0005,0.0029,0.0014,0.0029,0.0003,0.0010,0.0061,0.0083,0.0011,0.8106,0.0088,0.0060,0.1136,0.0261,0.0000,0.0000,0.0000,0.0000,0.0032,0.0008,0.0000,0.0000,0.0000,0.0000
site_2,1665,0.0057,0.0005,0.0030,0.0031,0.0040,0.0006,0.0016,0.0127,0.0208,0.0027,0.7850,0.0130,0.0082,0.0942,0.0414,0.0000,0.0000,0.0000,0.0000,0.0024,0.0009,0.0000,0.0000,0.0000,0.0000
site_3,1665,0.0048,0.0004,0.0032,0.0027,0.0050,0.0008,0.0019,0.0079,0.0128,0.0035,0.8246,0.0075,0.0074,0.0857,0.0275,0.0000,0.0000,0.0000,0.0000,0.0035,0.0009,0.0000,0.0000,0.0000,0.0000
site_4,1647,0.0258,0.0018,0.0181,0.0026,0.0204,0.0009,0.0036,0.0130,0.0163,0.0021,0.7444,0.0083,0.0049,0.0834,0.0460,0.0012,0.0008,0.0000,0.0000,0.0040,0.0025,0.0000,0.0000,0.0000,0.0000
site_5,1647,0.0038,0.0008,0.0024,0.0016,0.0030,0.0009,0.0011,0.0086,0.0154,0.0011,0.7977,0.0183,0.0056,0.0827,0.0476,0.0013,0.0021,0.0000,0.0000,0.0036,0.0025,0.0000,0.0000,0.0000,0.0000
site_6,1647,0.0079,0.0008,0.0038,0.0019,0.0073,0.0002,0.0012,0.0096,0.0187,0.0017,0.8185,0.0108,0.0055,0.0699,0.0372,0.0000,0.0000,0.0000,0.0000,0.0024,0.0025,0.0000,0.0000,0.0000,0.0000
site_7,1647,0.0084,0.0011,0.0009,0.0014,0.0009,0.0003,0.0003,0.0071,0.0100,0.0009,0.8290,0.0187,0.0056,0.0726,0.0348,0.0029,0.0000,0.0000,0.0000,0.0026,0.0023,0.0000,0.0000,0.0000,0.0000
site_8,1299,0.0405,0.0090,0.0062,0.0083,0.0128,0.0018,0.0063,0.0065,0.0098,0.0042,0.7211,0.0103,0.0087,0.1121,0.0423,0.0000,0.0000,0.0000,0.0000,0.0000,0.0000,0.0000,0.0000,0.0000,0.0000
site_9,1299,0.0186,0.0047,0.0069,0.0042,0.0098,0.0011,0.0055,0.0126,0.0151,0.0062,0.7940,0.0065,0.0039,0.0687,0.0283,0.0006,0.0005,0.0000,0.0000,0.0112,0.0014,0.0000,0.0000,0.0000,0.0000
site_10,1299,0.0164,0.0048,0.0065,0.0079,0.0111,0.0021,0.0051,0.0167,0.0250,0.0069,0.7635,0.0073,0.0026,0.0856,0.0275,0.0000,0.0000,0.0079,0.0031,0.0000,0.0000,0.0000,0.0000,0.0000,0.0000
site_11,1299,0.0297,0.0045,0.0049,0.0062,0.0168,0.0025,0.0076,0.0170,0.0239,0.0073,0.7515,0.0100,0.0054,0.0722,0.0266,0.0000,0.0000,0.0000,0.0000,0.0100,0.0039,0.0000,0.0000,0.0000,0.0000
site_12,1299,0.0110,0.0031,0.0041,0.0045,0.0066,0.0013,0.0028,0.0112,0.0162,0.0056,0.8139,0.0053,0.0045,0.0738,0.0257,0.0000,0.0000,0.0000,0.0000,0.0071,0.0034,0.0000,0.0000,0.0000,0.0000
site_13,1365,0.0111,0.0013,0.0053,0.0068,0.0020,0.0031,0.0049,0.0434,0.0656,0.0028,0.3721,0.1617,0.0481,0.0417,0.1244,0.0158,0.0648,0.0008,0.0032,0.0092,0.0117,0.0000,0.0000,0.0000,0.0000
site_14,1365,0.0170,0.0020,0.0053,0.0105,0.0056,0.0047,0.0055,0.0528,0.0672,0.0136,0.4093,0.1634,0.0574,0.0374,0.0707,0.0056,0.0478,0.0013,0.0021,0.0064,0.0145,0.0000,0.0000,0.0000,0.0000
site_15,1365,0.0146,0.0046,0.0057,0.0082,0.0044,0.0050,0.0045,0.0542,0.0860,0.0128,0.3805,0.1582,0.0497,0.0496,0.0847,0.0253,0.0320,0.0017,0.0021,0.0050,0.0113,0.0000,0.0000,0.0000,0.0000
site_16,1365,0.2485,0.0026,0.0052,0.0074,0.0071,0.0036,0.0035,0.0554,0.0741,0.0034,0.2198,0.1140,0.0242,0.0295,0.0979,0.0101,0.0552,0.0011,0.0018,0.0055,0.0245,0.0016,0.0042,0.0000,0.0000
site_17,1365,0.0061,0.0015,0.0066,0.0056,0.0049,0.0016,0.0036,0.0677,0.0748,0.0097,0.2212,0.1976,0.0408,0.0259,0.1511,0.0400,0.0688,0.0039,0.0067,0.0101,0.0348,0.0044,0.0105,0.0009,0.0012
site_18,1655,0.0067,0.0008,0.0017,0.0017,0.0020,0.0006,0.0011,0.0042,0.0074,0.0018,0.8277,0.0204,0.0044,0.0688,0.0410,0.0015,0.0022,0.0000,0.0000,0.0024,0.0037,0.0000,0.0000,0.0000,0.0000
site_19,1655,0.0373,0.0017,0.0252,0.0033,0.0212,0.0009,0.0057,0.0086,0.0114,0.0017,0.7581,0.0161,0.0031,0.0776,0.0241,0.0000,0.0000,0.0000,0.0000,0.0027,0.0012,0.0000,0.0000,0.0000,0.0000
site_20,1655,0.0221,0.0071,0.0034,0.0055,0.0031,0.0013,0.0015,0.0117,0.0204,0.0045,0.7748,0.0163,0.0036,0.0705,0.0462,0.0013,0.0020,0.0000,0.0000,0.0025,0.0024,0.0000,0.0000,0.0000,0.0000
site_21,1655,0.0094,0.0019,0.0052,0.0023,0.0047,0.0006,0.0014,0.0015,0.0026,0.0017,0.8315,0.0144,0.0026,0.0606,0.0486,0.0010,0.0026,0.0000,0.0000,0.0039,0.0035,0.0000,0.0000,0.0000,0.0000
site_22,1655,0.0102,0.0018,0.0016,0.0018,0.0013,0.0006,0.0006,0.0043,0.0061,0.0018,0.8516,0.0053,0.0012,0.0843,0.0217,0.0000,0.0000,0.0000,0.0000,0.0033,0.0024,0.0000,0.0000,0.0000,0.0000
site_23,1673,0.0422,0.0145,0.0040,0.0049,0.0056,0.0011,0.0043,0.0100,0.0166,0.0067,0.8424,0.0032,0.0021,0.0326,0.0051,0.0000,0.0000,0.0000,0.0000,0.0047,0.0000,0.0000,0.0000,0.0000,0.0000
site_24,1673,0.0909,0.0443,0.0050,0.0059,0.0043,0.0011,0.0022,0.0151,0.0243,0.0043,0.7583,0.0037,0.0050,0.0222,0.0052,0.0000,0.0000,0.0000,0.0000,0.0074,0.0010,0.0000,0.0000,0.0000,0.0000
site_25,1673,0.0653,0.0347,0.0039,0.0041,0.0042,0.0012,0.0031,0.0097,0.0145,0.0038,0.8016,0.0056,0.0042,0.0332,0.0071,0.0000,0.0000,0.0000,0.0000,0.0039,0.0000,0.0000,0.0000,0.0000,0.0000
site_26,1673,0.1171,0.0311,0.0064,0.0068,0.0063,0.0015,0.0051,0.0172,0.0243,0.0080,0.7355,0.0039,0.0041,0.0245,0.0051,0.0000,0.0000,0.0000,0.0000,0.0030,0.0000,0.0000,0.0000,0.0000,0.0000
site_27,1673,0.0640,0.0294,0.0038,0.0064,0.0041,0.0016,0.0021,0.0149,0.0231,0.0079,0.7887,0.0033,0.0037,0.0343,0.0092,0.0000,0.0000,0.0000,0.0000,0.0035,0.0000,0.0000,0.0000,0.0000,0.0000
site_28,1641,0.0388,0.0107,0.0107,0.0012,0.0084,0.0006,0.0053,0.0041,0.0057,0.0037,0.8801,0.0020,0.0045,0.0232,0.0000,0.0000,0.0000,0.0000,0.0000,0.0012,0.0000,0.0000,0.0000,0.0000,0.0000
site_29,1641,0.1019,0.0185,0.0047,0.0018,0.0056,0.0004,0.0026,0.0043,0.0064,0.0011,0.8208,0.0016,0.0024,0.0272,0.0000,0.0000,0.0000,0.0000,0.0000,0.0007,0.0000,0.0000,0.0000,0.0000,0.0000
site_30,1641,0.0339,0.0109,0.0042,0.0013,0.0040,0.0003,0.0020,0.0053,0.0080,0.0023,0.8694,0.0017,0.0016,0.0471,0.0056,0.0000,0.0000,0.0000,0.0000,0.0023,0.0000,0.0000,0.0000,0.0000,0.0000
site_31,1641,0.0760,0.0255,0.0039,0.0019,0.0024,0.0006,0.0016,0.0041,0.0062,0.0029,0.8183,0.0016,0.0016,0.0406,0.0087,0.0000,0.0000,0.0000,0.0000,0.0040,0.0000,0.0000,0.0000,0.0000,0.0000
site_32,1641,0.0298,0.0096,0.0095,0.0024,0.0074,0.0007,0.0038,0.0071,0.0095,0.0028,0.8718,0.0027,0.0022,0.0323,0.0061,0.0000,0.0000,0.0000,0.0000,0.0021,0.0000,0.0000,0.0000,0.0000,0.0000
site_33,1525,0.0217,0.0072,0.0018,0.0032,0.0016,0.0005,0.0016,0.0029,0.0051,0.0015,0.9011,0.0029,0.0028,0.0280,0.0075,0.0000,0.0000,0.0000,0.0000,0.0106,0.0000,0.0000,0.0000,0.0000,0.0000
site_34,1525,0.0286,0.0125,0.0070,0.0023,0.0029,0.0032,0.0049,0.0088,0.0108,0.0079,0.8721,0.0022,0.0040,0.0154,0.0145,0.0000,0.0000,0.0000,0.0000,0.0022,0.0009,0.0000,0.0000,0.0000,0.0000
site_35,1525,0.0718,0.0338,0.0045,0.0034,0.0049,0.0017,0.0030,0.0132,0.0187,0.0036,0.7543,0.0037,0.0035,0.0548,0.0187,0.0000,0.0000,0.0000,0.0000,0.0063,0.0000,0.0000,0.0000,0.0000,0.0000
site_36,1525,0.0197,0.0138,0.0003,0.0014,0.0010,0.0005,0.0011,0.0035,0.0077,0.0041,0.8890,0.0016,0.0025,0.0485,0.0034,0.0000,0.0000,0.0000,0.0000,0.0020,0.0000,0.0000,0.0000,0.0000,0.0000
site_37,1525,0.1204,0.0528,0.0112,0.0082,0.0128,0.0035,0.0045,0.0095,0.0148,0.0036,0.6620,0.0014,0.0000,0.0305,0.0544,0.0000,0.0000,0.0000,0.0000,0.0104,0.0000,0.0000,0.0000,0.0000,0.0000
site_38,1684,0.0835,0.0486,0.0079,0.0085,0.0098,0.0024,0.0074,0.0256,0.0389,0.0077,0.7040,0.0049,0.0043,0.0194,0.0206,0.0000,0.0000,0.0000,0.0000,0.0051,0.0016,0.0000,0.0000,0.0000,0.0000
site_39,1684,0.0394,0.0230,0.0064,0.0061,0.0036,0.0008,0.0084,0.0205,0.0352,0.0109,0.7969,0.0036,0.0043,0.0300,0.0056,0.0000,0.0000,0.0000,0.0000,0.0055,0.0000,0.0000,0.0000,0.0000,0.0000
site_40,1684,0.0537,0.0234,0.0061,0.0053,0.0140,0.0021,0.0103,0.0216,0.0293,0.0111,0.7637,0.0050,0.0050,0.0343,0.0084,0.0000,0.0000,0.0000,0.0000,0.0068,0.0000,0.0000,0.0000,0.0000,0.0000
site_41,1684,0.0616,0.0142,0.0055,0.0024,0.0027,0.0005,0.0104,0.0198,0.0377,0.0080,0.7820,0.0043,0.0047,0.0290,0.0097,0.0000,0.0000,0.0000,0.0000,0.0066,0.0009,0.0000,0.0000,0.0000,0.0000
site_42,1684,0.0799,0.0300,0.0156,0.0107,0.0241,0.0037,0.0218,0.0386,0.0300,0.0205,0.6655,0.0064,0.0076,0.0285,0.0070,0.0000,0.0000,0.0000,0.0000,0.0102,0.0000,0.0000,0.0000,0.0000,0.0000
site_43,1694,0.0341,0.0153,0.0067,0.0055,0.0095,0.0016,0.0079,0.0172,0.0231,0.0065,0.8117,0.0086,0.0065,0.0391,0.0033,0.0000,0.0000,0.0000,0.0000,0.0034,0.0000,0.0000,0.0000,0.0000,0.0000
site_44,1694,0.0412,0.0205,0.0037,0.0061,0.0059,0.0016,0.0039,0.0176,0.0284,0.0079,0.8285,0.0044,0.0038,0.0095,0.0129,0.0000,0.0000,0.0000,0.0000,0.0040,0.0000,0.0000,0.0000,0.0000,0.0000
site_45,1694,0.0510,0.0180,0.0042,0.0058,0.0061,0.0015,0.0030,0.0162,0.0299,0.0065,0.7946,0.0024,0.0025,0.0392,0.0155,0.0000,0.0000,0.0000,0.0000,0.0037,0.0000,0.0000,0.0000,0.0000,0.0000
site_46,1694,0.0214,0.0075,0.0065,0.0052,0.0084,0.0016,0.0047,0.0141,0.0213,0.0069,0.8489,0.0044,0.0039,0.0311,0.0101,0.0000,0.0000,0.0000,0.0000,0.0040,0.0000,0.0000,0.0000,0.0000,0.0000
site_47,1694,0.0647,0.0314,0.0033,0.0089,0.0050,0.0028,0.0027,0.0150,0.0248,0.0081,0.7784,0.0040,0.0039,0.0324,0.0111,0.0000,0.0000,0.0000,0.0000,0.0035,0.0000,0.0000,0.0000,0.0000,0.0000
site_48,1715,0.0131,0.0015,0.0052,0.0024,0.0072,0.0009,0.0060,0.0066,0.0084,0.0063,0.8859,0.0113,0.0156,0.0205,0.0066,0.0010,0.0005,0.0000,0.0000,0.0006,0.0006,0.0000,0.0000,0.0000,0.0000
site_49,1590,0.0062,0.0005,0.0011,0.0010,0.0016,0.0002,0.0011,0.0024,0.0039,0.0043,0.9200,0.0091,0.0169,0.0241,0.0063,0.0000,0.0000,0.0000,0.0000,0.0007,0.0007,0.0000,0.0000,0.0000,0.0000
site_50,1644,0.0147,0.0029,0.0072,0.0045,0.0071,0.0035,0.0053,0.0442,0.0779,0.0138,0.6049,0.1008,0.0380,0.0123,0.0466,0.0023,0.0095,0.0000,0.0000,0.0016,0.0030,0.0000,0.0000,0.0000,0.0000
site_51,1808,0.0139,0.0014,0.0062,0.0012,0.0088,0.0005,0.0055,0.0047,0.0065,0.0024,0.8887,0.0083,0.0090,0.0303,0.0100,0.0000,0.0000,0.0000,0.0000,0.0013,0.0013,0.0000,0.0000,0.0000,0.0000
site_52,1955,0.0301,0.0038,0.0024,0.0016,0.0034,0.0006,0.0018,0.0134,0.0192,0.0012,0.8199,0.0177,0.0082,0.0424,0.0276,0.0007,0.0018,0.0000,0.0000,0.0019,0.0022,0.0000,0.0000,0.0000,0.0000
site_53,2212,0.0195,0.0031,0.0106,0.0030,0.0151,0.0015,0.0141,0.0206,0.0244,0.0084,0.8069,0.0174,0.0140,0.0226,0.0171,0.0000,0.0000,0.0000,0.0000,0.0011,0.0006,0.0000,0.0000,0.0000,0.0000
site_54,3518,0.0295,0.0100,0.0028,0.0043,0.0033,0.0012,0.0023,0.0103,0.0151,0.0054,0.8449,0.0050,0.0038,0.0512,0.0056,0.0000,0.0000,0.0000,0.0000,0.0044,0.0009,0.0000,0.0000,0.0000,0.0000
site_55,3518,0.0267,0.0088,0.0007,0.0007,0.0005,0.0002,0.0003,0.0019,0.0031,0.0009,0.8977,0.0052,0.0044,0.0415,0.0048,0.0000,0.0000,0.0000,0.0000,0.0026,0.0000,0.0000,0.0000,0.0000,0.0000
site_56,3518,0.0043,0.0014,0.0006,0.0026,0.0015,0.0008,0.0011,0.0040,0.0066,0.0003,0.9160,0.0054,0.0039,0.0452,0.0042,0.0000,0.0000,0.0000,0.0000,0.0022,0.0000,0.0000,0.0000,0.0000,0.0000
site_57,3518,0.0046,0.0012,0.0005,0.0001,0.0005,0.0001,0.0003,0.0002,0.0003,0.0000,0.9665,0.0060,0.0057,0.0113,0.0027,0.0000,0.0000,0.0000,0.0000,0.0000,0.0000,0.0000,0.0000,0.0000,0.0000
site_58,3518,0.0020,0.0007,0.0005,0.0007,0.0005,0.0007,0.0021,0.0088,0.0140,0.0007,0.9148,0.0070,0.0054,0.0394,0.0000,0.0000,0.0000,0.0000,0.0000,0.0023,0.0003,0.0000,0.0000,0.0000,0.0000
site_59,3518,0.0231,0.0313,0.0128,0.0018,0.0022,0.0008,0.0036,0.0482,0.0822,0.0056,0.6924,0.0170,0.0270,0.0323,0.0155,0.0000,0.0000,0.0000,0.0000,0.0042,0.0000,0.0000,0.0000,0.0000,0.0000
site_60,3518,0.0043,0.0010,0.0005,0.0008,0.0007,0.0002,0.0005,0.0018,0.0028,0.0002,0.9233,0.0062,0.0044,0.0436,0.0070,0.0000,0.0000,0.0000,0.0000,0.0028,0.0000,0.0000,0.0000,0.0000,0.0000
site_61,3518,0.0033,0.0009,0.0027,0.0005,0.0005,0.0001,0.0003,0.0101,0.0152,0.0004,0.9075,0.0077,0.0045,0.0382,0.0047,0.0000,0.0000,0.0000,0.0000,0.0029,0.0005,0.0000,0.0000,0.0000,0.0000
site_62,3518,0.0028,0.0007,0.0003,0.0003,0.0003,0.0001,0.0002,0.0007,0.0011,0.0001,0.9526,0.0085,0.0047,0.0241,0.0031,0.0000,0.0000,0.0000,0.0000,0.0003,0.0000,0.0000,0.0000,0.0000,0.0000
site_63,3515,0.0079,0.0010,0.0008,0.0011,0.0040,0.0002,0.0007,0.0132,0.0167,0.0034,0.9098,0.0051,0.0040,0.0266,0.0038,0.0000,0.0000,0.0000,0.0000,0.0017,0.0000,0.0000,0.0000,0.0000,0.0000
site_64,3515,0.1124,0.0067,0.0079,0.0021,0.0122,0.0007,0.0039,0.0058,0.0091,0.0034,0.7112,0.0126,0.0042,0.0744,0.0236,0.0013,0.0007,0.0004,0.0000,0.0052,0.0022,0.0000,0.0000,0.0000,0.0000
site_65,3515,0.0150,0.0023,0.0084,0.0061,0.0100,0.0020,0.0075,0.0161,0.0250,0.0130,0.8804,0.0075,0.0049,0.0018,0.0000,0.0000,0.0000,0.0000,0.0000,0.0000,0.0000,0.0000,0.0000,0.0000,0.0000
site_66,3569,0.0256,0.0064,0.0046,0.0034,0.0036,0.0011,0.0023,0.0086,0.0140,0.0059,0.8861,0.0032,0.0035,0.0265,0.0053,0.0000,0.0000,0.0000,0.0000,0.0000,0.0000,0.0000,0.0000,0.0000,0.0000
site_67,3431,0.0294,0.0000,0.0060,0.0000,0.0743,0.0000,0.0121,0.1571,0.2756,0.0093,0.3915,0.0077,0.0018,0.0245,0.0108,0.0000,0.0000,0.0000,0.0000,0.0000,0.0000,0.0000,0.0000,0.0000,0.0000
site_68,3431,0.0078,0.0000,0.0005,0.0005,0.0053,0.0002,0.0006,0.0046,0.0070,0.0097,0.9491,0.0076,0.0028,0.0030,0.0004,0.0006,0.0004,0.0000,0.0000,0.0000,0.0000,0.0000,0.0000,0.0000,0.0000
site_69,3431,0.0488,0.0101,0.0040,0.0008,0.0056,0.0006,0.0030,0.0089,0.0128,0.0027,0.8730,0.0060,0.0062,0.0177,0.0000,0.0000,0.0000,0.0000,0.0000,0.0000,0.0000,0.0000,0.0000,0.0000,0.0000
site_70,3431,0.0221,0.0073,0.0056,0.0049,0.0074,0.0013,0.0041,0.0103,0.0152,0.0124,0.8542,0.0076,0.0046,0.0402,0.0000,0.0000,0.0000,0.0000,0.0000,0.0026,0.0000,0.0000,0.0000,0.0000,0.0000
site_71,3431,0.2240,0.0074,0.0108,0.0091,0.0108,0.0018,0.0060,0.0188,0.0282,0.0036,0.5918,0.0094,0.0049,0.0437,0.0231,0.0009,0.0000,0.0002,0.0000,0.0039,0.0013,0.0001,0.0002,0.0000,0.0000
site_72,3431,0.1073,0.0026,0.0021,0.0051,0.0071,0.0008,0.0026,0.0041,0.0060,0.0006,0.7598,0.0072,0.0033,0.0561,0.0279,0.0008,0.0000,0.0000,0.0000,0.0040,0.0029,0.0000,0.0000,0.0000,0.0000
site_73,3431,0.0128,0.0034,0.0056,0.0030,0.0066,0.0011,0.0056,0.0090,0.0118,0.0079,0.8772,0.0095,0.0054,0.0351,0.0035,0.0006,0.0000,0.0000,0.0000,0.0018,0.0000,0.0000,0.0000,0.0000,0.0000
site_74,3518,0.0287,0.0069,0.0028,0.0013,0.0028,0.0005,0.0018,0.0037,0.0055,0.0028,0.8901,0.0062,0.0013,0.0345,0.0082,0.0029,0.0000,0.0000,0.0000,0.0000,0.0000,0.0000,0.0000,0.0000,0.0000
site_75,3518,0.0336,0.0033,0.0044,0.0103,0.0089,0.0030,0.0050,0.0143,0.0204,0.0185,0.8183,0.0109,0.0060,0.0312,0.0063,0.0000,0.0000,0.0000,0.0000,0.0057,0.0000,0.0000,0.0000,0.0000,0.0000
site_76,3518,0.1980,0.0079,0.0096,0.0082,0.0117,0.0025,0.0041,0.0186,0.0295,0.0020,0.6213,0.0088,0.0031,0.0522,0.0161,0.0005,0.0002,0.0000,0.0000,0.0044,0.0014,0.0000,0.0000,0.0000,0.0000
site_77,3518,0.0303,0.0057,0.0055,0.0008,0.0059,0.0003,0.0031,0.0029,0.0036,0.0009,0.9073,0.0054,0.0036,0.0167,0.0062,0.0000,0.0000,0.0000,0.0000,0.0020,0.0000,0.0000,0.0000,0.0000,0.0000
site_78,3518,0.0290,0.0000,0.0122,0.0008,0.0016,0.0000,0.0007,0.0003,0.0002,0.0001,0.9004,0.0040,0.0054,0.0368,0.0043,0.0000,0.0000,0.0000,0.0000,0.0042,0.0000,0.0000,0.0000,0.0000,0.0000
site_79,3381,0.0121,0.0006,0.0017,0.0004,0.0016,0.0001,0.0008,0.0024,0.0033,0.0000,0.8988,0.0204,0.0050,0.0451,0.0042,0.0000,0.0000,0.0000,0.0000,0.0027,0.0011,0.0000,0.0000,0.0000,0.0000
site_80,3381,0.1611,0.0071,0.0052,0.0035,0.0056,0.0004,0.0024,0.0097,0.0143,0.0006,0.7017,0.0091,0.0034,0.0602,0.0092,0.0006,0.0002,0.0003,0.0001,0.0040,0.0012,0.0000,0.0000,0.0000,0.0000
site_81,3381,0.0176,0.0003,0.0013,0.0003,0.0014,0.0000,0.0020,0.0109,0.0143,0.0005,0.8517,0.0194,0.0075,0.0616,0.0066,0.0013,0.0002,0.0000,0.0000,0.0032,0.0000,0.0000,0.0000,0.0000,0.0000
site_82,3381,0.0787,0.0059,0.0078,0.0016,0.0265,0.0022,0.0057,0.0301,0.0406,0.0022,0.7375,0.0075,0.0037,0.0343,0.0106,0.0000,0.0000,0.0000,0.0000,0.0033,0.0014,0.0004,0.0000,0.0000,0.0000
site_83,3518,0.0520,0.0032,0.0166,0.0023,0.0232,0.0009,0.0095,0.0363,0.0453,0.0040,0.7451,0.0095,0.0066,0.0360,0.0065,0.0008,0.0000,0.0004,0.0000,0.0018,0.0000,0.0000,0.0000,0.0000,0.0000
site_84,3518,0.2314,0.0147,0.0136,0.0145,0.0170,0.0022,0.0067,0.0204,0.0253,0.0010,0.5739,0.0091,0.0057,0.0428,0.0159,0.0009,0.0003,0.0003,0.0000,0.0028,0.0014,0.0002,0.0000,0.0000,0.0000
site_85,1587,0.0541,0.0030,0.0007,0.0014,0.0006,0.0003,0.0012,0.0035,0.0053,0.0008,0.9023,0.0024,0.0015,0.0179,0.0033,0.0000,0.0000,0.0000,0.0000,0.0013,0.0003,0.0000,0.0000,0.0000,0.0000
site_86,1587,0.0169,0.0029,0.0005,0.0004,0.0004,0.0003,0.0001,0.0059,0.0080,0.0005,0.9207,0.0043,0.0031,0.0284,0.0053,0.0000,0.0000,0.0000,0.0000,0.0019,0.0003,0.0000,0.0000,0.0000,0.0000
site_87,1292,0.0230,0.0036,0.0012,0.0005,0.0023,0.0002,0.0012,0.0012,0.0015,0.0003,0.8961,0.0047,0.0030,0.0414,0.0157,0.0000,0.0000,0.0000,0.0000,0.0027,0.0013,0.0000,0.0000,0.0000,0.0000
site_88,1292,0.0130,0.0021,0.0015,0.0002,0.0010,0.0001,0.0004,0.0004,0.0004,0.0002,0.8982,0.0034,0.0025,0.0506,0.0212,0.0000,0.0000,0.0000,0.0000,0.0030,0.0019,0.0000,0.0000,0.0000,0.0000
site_89,1292,0.0074,0.0017,0.0014,0.0003,0.0015,0.0000,0.0005,0.0006,0.0007,0.0001,0.9507,0.0053,0.0051,0.0189,0.0034,0.0000,0.0000,0.0000,0.0000,0.0016,0.0006,0.0000,0.0000,0.0000,0.0000
site_90,1292,0.0093,0.0014,0.0008,0.0002,0.0009,0.0000,0.0004,0.0006,0.0009,0.0001,0.9239,0.0062,0.0027,0.0377,0.0111,0.0000,0.0000,0.0000,0.0000,0.0026,0.0012,0.0000,0.0000,0.0000,0.0000
site_91,1292,0.0091,0.0013,0.0005,0.0001,0.0004,0.0001,0.0002,0.0002,0.0003,0.0001,0.9070,0.0030,0.0009,0.0564,0.0167,0.0000,0.0000,0.0000,0.0000,0.0024,0.0012,0.0000,0.0000,0.0000,0.0000
site_92,1684,0.0106,0.0030,0.0012,0.0009,0.0027,0.0000,0.0000,0.0000,0.0000,0.0000,0.9069,0.0077,0.0000,0.0501,0.0168,0.0000,0.0000,0.0000,0.0000,0.0000,0.0000,0.0000,0.0000,0.0000,0.0000
site_93,1684,0.0470,0.0087,0.0024,0.0012,0.0018,0.0003,0.0009,0.0017,0.0023,0.0010,0.8490,0.0039,0.0014,0.0628,0.0116,0.0000,0.0000,0.0000,0.0000,0.0022,0.0015,0.0000,0.0000,0.0000,0.0000
site_94,1684,0.0614,0.0130,0.0030,0.0016,0.0023,0.0002,0.0013,0.0000,0.0000,0.0000,0.8389,0.0036,0.0000,0.0482,0.0233,0.0000,0.0000,0.0000,0.0000,0.0028,0.0004,0.0000,0.0000,0.0000,0.0000
site_95,1684,0.0471,0.0080,0.0050,0.0013,0.0041,0.0003,0.0018,0.0006,0.0008,0.0003,0.8258,0.0063,0.0000,0.0587,0.0343,0.0000,0.0000,0.0000,0.0000,0.0024,0.0030,0.0000,0.0000,0.0000,0.0000
site_96,1684,0.0461,0.0080,0.0017,0.0011,0.0018,0.0002,0.0008,0.0013,0.0018,0.0005,0.8490,0.0043,0.0000,0.0553,0.0279,0.0000,0.0000,0.0000,0.0000,0.0000,0.0000,0.0000,0.0000,0.0000,0.0000
site_97,1818,0.0661,0.0170,0.0021,0.0016,0.0023,0.0003,0.0011,0.0101,0.0164,0.0028,0.6494,0.0979,0.0280,0.0232,0.0590,0.0031,0.0092,0.0000,0.0000,0.0055,0.0049,0.0000,0.0000,0.0000,0.0000
site_98,1818,0.0637,0.0193,0.0124,0.0099,0.0190,0.0040,0.0079,0.0544,0.0893,0.0102,0.3270,0.1255,0.0268,0.0215,0.1427,0.0061,0.0327,0.0000,0.0000,0.0051,0.0224,0.0000,0.0000,0.0000,0.0000
site_99,1818,0.0614,0.0160,0.0030,0.0030,0.0051,0.0013,0.0033,0.0215,0.0341,0.0036,0.5427,0.1281,0.0330,0.0254,0.0822,0.0039,0.0225,0.0000,0.0000,0.0039,0.0058,0.0000,0.0000,0.0000,0.0000
site_100,1818,0.0814,0.0174,0.0036,0.0029,0.0033,0.0009,0.0014,0.0158,0.0243,0.0017,0.4899,0.1785,0.0454,0.0210,0.0748,0.0032,0.0245,0.0000,0.0000,0.0039,0.0060,0.0000,0.0000,0.0000,0.0000
site_101,1818,0.0613,0.0072,0.0039,0.0023,0.0025,0.0000,0.0000,0.0031,0.0048,0.0014,0.6979,0.1108,0.0245,0.0161,0.0446,0.0032,0.0065,0.0000,0.0000,0.0036,0.0062,0.0000,0.0000,0.0000,0.0000
site_102,1680,0.0853,0.0189,0.0102,0.0064,0.0151,0.0013,0.0097,0.0575,0.0854,0.0074,0.6708,0.0055,0.0019,0.0174,0.0054,0.0000,0.0000,0.0000,0.0000,0.0018,0.0000,0.0000,0.0000,0.0000,0.0000
site_103,1680,0.1256,0.0379,0.0037,0.0054,0.0058,0.0009,0.0023,0.0109,0.0138,0.0029,0.7511,0.0066,0.0000,0.0234,0.0097,0.0000,0.0000,0.0000,0.0000,0.0000,0.0000,0.0000,0.0000,0.0000,0.0000
site_104,1680,0.1141,0.0497,0.0053,0.0033,0.0043,0.0006,0.0014,0.0097,0.0134,0.0020,0.7386,0.0167,0.0043,0.0253,0.0113,0.0000,0.0000,0.0000,0.0000,0.0000,0.0000,0.0000,0.0000,0.0000,0.0000
site_105,1680,0.0644,0.0209,0.0029,0.0024,0.0029,0.0005,0.0015,0.0039,0.0056,0.0009,0.8441,0.0104,0.0015,0.0243,0.0108,0.0000,0.0000,0.0000,0.0000,0.0017,0.0011,0.0000,0.0000,0.0000,0.0000
site_106,1564,0.1517,0.0383,0.0045,0.0044,0.0071,0.0006,0.0034,0.0128,0.0235,0.0028,0.6930,0.0093,0.0066,0.0222,0.0129,0.0000,0.0000,0.0000,0.0000,0.0045,0.0023,0.0000,0.0000,0.0000,0.0000
site_107,1564,0.0509,0.0177,0.0018,0.0032,0.0053,0.0012,0.0021,0.0153,0.0323,0.0031,0.8051,0.0091,0.0055,0.0188,0.0179,0.0000,0.0000,0.0000,0.0000,0.0095,0.0013,0.0000,0.0000,0.0000,0.0000
site_108,1564,0.0876,0.0267,0.0047,0.0041,0.0080,0.0012,0.0031,0.0152,0.0252,0.0038,0.7701,0.0083,0.0000,0.0180,0.0152,0.0000,0.0000,0.0000,0.0000,0.0056,0.0031,0.0000,0.0000,0.0000,0.0000
site_109,1564,0.1014,0.0519,0.0035,0.0028,0.0052,0.0007,0.0018,0.0093,0.0124,0.0017,0.7505,0.0155,0.0015,0.0179,0.0147,0.0000,0.0000,0.0000,0.0000,0.0078,0.0013,0.0000,0.0000,0.0000,0.0000
site_110,1564,0.1804,0.0265,0.0022,0.0033,0.0036,0.0004,0.0014,0.0059,0.0069,0.0012,0.7335,0.0091,0.0030,0.0143,0.0083,0.0000,0.0000,0.0000,0.0000,0.0000,0.0000,0.0000,0.0000,0.0000,0.0000
site_111,1727,0.0763,0.0304,0.0029,0.0022,0.0038,0.0000,0.0000,0.0052,0.0080,0.0014,0.7913,0.0068,0.0000,0.0544,0.0107,0.0000,0.0000,0.0000,0.0000,0.0051,0.0017,0.0000,0.0000,0.0000,0.0000
site_112,1727,0.0898,0.0381,0.0029,0.0023,0.0049,0.0007,0.0022,0.0098,0.0151,0.0019,0.7639,0.0067,0.0000,0.0375,0.0147,0.0000,0.0000,0.0000,0.0000,0.0059,0.0036,0.0000,0.0000,0.0000,0.0000
site_113,1727,0.0354,0.0102,0.0022,0.0008,0.0028,0.0004,0.0016,0.0045,0.0066,0.0011,0.8581,0.0043,0.0000,0.0435,0.0230,0.0000,0.0000,0.0000,0.0000,0.0056,0.0000,0.0000,0.0000,0.0000,0.0000
site_114,1727,0.0926,0.0218,0.0029,0.0019,0.0031,0.0009,0.0019,0.0077,0.0110,0.0021,0.7807,0.0061,0.0000,0.0359,0.0224,0.0000,0.0000,0.0000,0.0000,0.0067,0.0022,0.0000,0.0000,0.0000,0.0000
site_115,1727,0.0708,0.0382,0.0025,0.0006,0.0013,0.0004,0.0013,0.0039,0.0047,0.0005,0.7612,0.0099,0.0015,0.0702,0.0258,0.0000,0.0000,0.0000,0.0000,0.0059,0.0016,0.0000,0.0000,0.0000,0.0000
site_116,1481,0.0489,0.0100,0.0013,0.0002,0.0006,0.0014,0.0014,0.0006,0.0007,0.0002,0.8649,0.0026,0.0010,0.0384,0.0252,0.0000,0.0000,0.0000,0.0000,0.0017,0.0011,0.0000,0.0000,0.0000,0.0000
site_117,1481,0.0949,0.0234,0.0134,0.0029,0.0108,0.0000,0.0021,0.0014,0.0015,0.0000,0.8056,0.0035,0.0022,0.0251,0.0133,0.0000,0.0000,0.0000,0.0000,0.0000,0.0000,0.0000,0.0000,0.0000,0.0000
site_118,1481,0.1706,0.0421,0.0045,0.0033,0.0036,0.0004,0.0015,0.0054,0.0084,0.0009,0.7136,0.0013,0.0000,0.0281,0.0145,0.0000,0.0000,0.0000,0.0000,0.0008,0.0010,0.0000,0.0000,0.0000,0.0000
site_119,1481,0.0646,0.0291,0.0065,0.0030,0.0073,0.0008,0.0016,0.0023,0.0029,0.0004,0.8200,0.0030,0.0000,0.0418,0.0139,0.0000,0.0000,0.0000,0.0000,0.0012,0.0018,0.0000,0.0000,0.0000,0.0000
site_120,1481,0.2029,0.0622,0.0071,0.0036,0.0043,0.0007,0.0015,0.0092,0.0155,0.0018,0.6168,0.0019,0.0000,0.0444,0.0246,0.0000,0.0000,0.0000,0.0000,0.0025,0.0009,0.0000,0.0000,0.0000,0.0000
site_121,1772,0.0607,0.0135,0.0037,0.0014,0.0032,0.0004,0.0015,0.0040,0.0055,0.0020,0.7927,0.0031,0.0013,0.0621,0.0402,0.0000,0.0000,0.0000,0.0000,0.0033,0.0013,0.0000,0.0000,0.0000,0.0000
site_122,1772,0.0396,0.0124,0.0051,0.0014,0.0051,0.0006,0.0027,0.0049,0.0070,0.0017,0.7765,0.0037,0.0000,0.0944,0.0389,0.0045,0.0016,0.0000,0.0000,0.0000,0.0000,0.0000,0.0000,0.0000,0.0000
site_123,1772,0.0298,0.0040,0.0070,0.0017,0.0084,0.0010,0.0049,0.0067,0.0099,0.0022,0.7983,0.0038,0.0000,0.0666,0.0506,0.0000,0.0000,0.0000,0.0000,0.0040,0.0010,0.0000,0.0000,0.0000,0.0000
site_124,1772,0.0328,0.0060,0.0080,0.0017,0.0090,0.0008,0.0041,0.0104,0.0142,0.0020,0.7918,0.0041,0.0019,0.0834,0.0247,0.0037,0.0015,0.0000,0.0000,0.0000,0.0000,0.0000,0.0000,0.0000,0.0000
site_125,1772,0.0676,0.0133,0.0158,0.0018,0.0098,0.0008,0.0047,0.0035,0.0052,0.0015,0.7695,0.0043,0.0020,0.0634,0.0326,0.0000,0.0000,0.0000,0.0000,0.0030,0.0012,0.0000,0.0000,0.0000,0.0000
site_126,1445,0.1712,0.0592,0.0042,0.0060,0.0029,0.0003,0.0009,0.0037,0.0050,0.0011,0.6720,0.0042,0.0013,0.0411,0.0172,0.0000,0.0000,0.0000,0.0000,0.0071,0.0024,0.0000,0.0000,0.0000,0.0000
site_127,1445,0.0127,0.0024,0.0024,0.0037,0.0051,0.0009,0.0040,0.0156,0.0268,0.0101,0.8715,0.0022,0.0012,0.0161,0.0224,0.0000,0.0000,0.0000,0.0000,0.0019,0.0012,0.0000,0.0000,0.0000,0.0000
site_128,1445,0.0885,0.0253,0.0054,0.0065,0.0090,0.0015,0.0042,0.0280,0.0414,0.0102,0.7143,0.0034,0.0016,0.0344,0.0227,0.0000,0.0000,0.0000,0.0000,0.0028,0.0009,0.0000,0.0000,0.0000,0.0000
site_129,1445,0.0317,0.0089,0.0026,0.0011,0.0036,0.0008,0.0022,0.0075,0.0101,0.0025,0.8805,0.0053,0.0000,0.0290,0.0142,0.0000,0.0000,0.0000,0.0000,0.0000,0.0000,0.0000,0.0000,0.0000,0.0000
site_130,1445,0.0531,0.0042,0.0099,0.0041,0.0127,0.0015,0.0077,0.0292,0.0439,0.0118,0.7877,0.0044,0.0028,0.0184,0.0086,0.0000,0.0000,0.0000,0.0000,0.0000,0.0000,0.0000,0.0000,0.0000,0.0000
site_131,1462,0.1398,0.0369,0.0036,0.0044,0.0028,0.0005,0.0009,0.0022,0.0032,0.0003,0.7717,0.0068,0.0000,0.0147,0.0121,0.0000,0.0000,0.0000,0.0000,0.0000,0.0000,0.0000,0.0000,0.0000,0.0000
site_132,1462,0.1236,0.0346,0.0024,0.0032,0.0021,0.0002,0.0013,0.0038,0.0053,0.0004,0.7824,0.0060,0.0000,0.0206,0.0116,0.0000,0.0000,0.0000,0.0000,0.0020,0.0005,0.0000,0.0000,0.0000,0.0000
site_133,1462,0.1795,0.0493,0.0054,0.0068,0.0030,0.0002,0.0016,0.0018,0.0022,0.0000,0.7180,0.0042,0.0037,0.0188,0.0053,0.0000,0.0000,0.0000,0.0000,0.0000,0.0000,0.0000,0.0000,0.0000,0.0000
site_134,1462,0.1665,0.0565,0.0025,0.0036,0.0025,0.0011,0.0019,0.0088,0.0134,0.0033,0.6875,0.0033,0.0000,0.0317,0.0087,0.0000,0.0000,0.0000,0.0000,0.0069,0.0018,0.0000,0.0000,0.0000,0.0000
site_135,1462,0.0156,0.0042,0.0006,0.0011,0.0025,0.0003,0.0017,0.0029,0.0041,0.0008,0.9138,0.0145,0.0031,0.0218,0.0095,0.0000,0.0000,0.0000,0.0000,0.0022,0.0012,0.0000,0.0000,0.0000,0.0000
site_136,1368,0.1736,0.0421,0.0126,0.0045,0.0174,0.0015,0.0119,0.0088,0.0115,0.0024,0.6863,0.0034,0.0034,0.0166,0.0044,0.0000,0.0000,0.0000,0.0000,0.0000,0.0000,0.0000,0.0000,0.0000,0.0000
site_137,1368,0.1436,0.0384,0.0066,0.0049,0.0090,0.0008,0.0054,0.0021,0.0034,0.0007,0.7458,0.0035,0.0000,0.0223,0.0106,0.0000,0.0000,0.0000,0.0000,0.0019,0.0009,0.0000,0.0000,0.0000,0.0000
site_138,1368,0.1433,0.0427,0.0128,0.0047,0.0096,0.0008,0.0076,0.0041,0.0046,0.0006,0.7376,0.0032,0.0000,0.0212,0.0070,0.0000,0.0000,0.0000,0.0000,0.0000,0.0000,0.0000,0.0000,0.0000,0.0000
site_139,1368,0.2016,0.0437,0.0144,0.0066,0.0137,0.0022,0.0098,0.0109,0.0166,0.0030,0.6510,0.0015,0.0000,0.0195,0.0054,0.0000,0.0000,0.0000,0.0000,0.0000,0.0000,0.0000,0.0000,0.0000,0.0000
site_140,1368,0.0289,0.0041,0.0192,0.0081,0.0179,0.0015,0.0118,0.0029,0.0031,0.0000,0.8634,0.0044,0.0000,0.0271,0.0078,0.0000,0.0000,0.0000,0.0000,0.0000,0.0000,0.0000,0.0000,0.0000,0.0000
site_141,1724,0.2287,0.0801,0.0097,0.0159,0.0058,0.0011,0.0041,0.0121,0.0183,0.0028,0.5912,0.0004,0.0000,0.0225,0.0071,0.0000,0.0000,0.0000,0.0000,0.0000,0.0000,0.0000,0.0000,0.0000,0.0000
site_142,1724,0.0564,0.0103,0.0142,0.0012,0.0114,0.0012,0.0153,0.0064,0.0081,0.0022,0.8363,0.0037,0.0043,0.0215,0.0035,0.0000,0.0000,0.0000,0.0000,0.0027,0.0012,0.0000,0.0000,0.0000,0.0000
site_143,1724,0.0472,0.0092,0.0109,0.0020,0.0102,0.0010,0.0096,0.0054,0.0061,0.0017,0.8650,0.0020,0.0022,0.0190,0.0060,0.0000,0.0000,0.0000,0.0000,0.0018,0.0006,0.0000,0.0000,0.0000,0.0000
site_144,1724,0.0512,0.0091,0.0158,0.0018,0.0172,0.0019,0.0241,0.0113,0.0156,0.0037,0.8091,0.0026,0.0038,0.0200,0.0038,0.0000,0.0000,0.0000,0.0000,0.0070,0.0022,0.0000,0.0000,0.0000,0.0000
site_145,1724,0.0404,0.0060,0.0121,0.0035,0.0135,0.0015,0.0146,0.0124,0.0150,0.0037,0.8214,0.0021,0.0000,0.0350,0.0107,0.0000,0.0000,0.0000,0.0000,0.0062,0.0019,0.0000,0.0000,0.0000,0.0000
site_146,1731,0.0809,0.0113,0.0045,0.0015,0.0047,0.0005,0.0022,0.0031,0.0042,0.0010,0.8529,0.0012,0.0000,0.0231,0.0073,0.0000,0.0000,0.0000,0.0000,0.0016,0.0000,0.0000,0.0000,0.0000,0.0000
site_147,1731,0.1206,0.0180,0.0076,0.0043,0.0088,0.0016,0.0046,0.0178,0.0235,0.0028,0.7506,0.0000,0.0000,0.0257,0.0079,0.0000,0.0000,0.0000,0.0000,0.0062,0.0000,0.0000,0.0000,0.0000,0.0000
site_148,1731,0.1547,0.0311,0.0048,0.0035,0.0063,0.0016,0.0027,0.0128,0.0192,0.0022,0.7179,0.0000,0.0000,0.0334,0.0072,0.0000,0.0000,0.0000,0.0000,0.0025,0.0000,0.0000,0.0000,0.0000,0.0000
site_149,1731,0.0562,0.0169,0.0109,0.0043,0.0105,0.0015,0.0056,0.0100,0.0145,0.0017,0.8393,0.0026,0.0000,0.0207,0.0052,0.0000,0.0000,0.0000,0.0000,0.0000,0.0000,0.0000,0.0000,0.0000,0.0000
site_150,1731,0.1502,0.0170,0.0068,0.0058,0.0092,0.0013,0.0049,0.0120,0.0165,0.0031,0.7412,0.0016,0.0000,0.0206,0.0083,0.0000,0.0000,0.0000,0.0000,0.0015,0.0000,0.0000,0.0000,0.0000,0.0000
site_151,1691,0.1123,0.0242,0.0051,0.0031,0.0044,0.0005,0.0022,0.0053,0.0068,0.0009,0.7976,0.0020,0.0000,0.0243,0.0086,0.0000,0.0000,0.0000,0.0000,0.0022,0.0004,0.0000,0.0000,0.0000,0.0000
site_152,1691,0.2008,0.0329,0.0058,0.0041,0.0044,0.0002,0.0030,0.0111,0.0143,0.0044,0.6605,0.0000,0.0000,0.0419,0.0165,0.0000,0.0000,0.0000,0.0000,0.0000,0.0000,0.0000,0.0000,0.0000,0.0000
site_153,1659,0.1225,0.0047,0.1197,0.0081,0.1590,0.0119,0.0815,0.0056,0.0019,0.0007,0.4582,0.0105,0.0066,0.0048,0.0043,0.0000,0.0000,0.0000,0.0000,0.0000,0.0000,0.0000,0.0000,0.0000,0.0000
site_154,1659,0.1677,0.0319,0.0125,0.0072,0.0149,0.0011,0.0072,0.0133,0.0193,0.0042,0.6673,0.0023,0.0014,0.0300,0.0126,0.0000,0.0000,0.0000,0.0000,0.0052,0.0020,0.0000,0.0000,0.0000,0.0000
site_155,1659,0.1095,0.0075,0.0752,0.0062,0.0638,0.0025,0.0464,0.0055,0.0029,0.0005,0.6551,0.0000,0.0000,0.0130,0.0054,0.0000,0.0000,0.0000,0.0000,0.0047,0.0017,0.0000,0.0000,0.0000,0.0000
site_156,1659,0.0765,0.0211,0.0033,0.0035,0.0015,0.0006,0.0015,0.0010,0.0010,0.0003,0.8279,0.0032,0.0000,0.0328,0.0223,0.0000,0.0000,0.0000,0.0000,0.0028,0.0008,0.0000,0.0000,0.0000,0.0000
site_157,1659,0.1013,0.0198,0.0047,0.0066,0.0053,0.0013,0.0025,0.0094,0.0128,0.0041,0.7977,0.0013,0.0000,0.0000,0.0201,0.0133,0.0000,0.0000,0.0000,0.0000,0.0000,0.0000,0.0000,0.0000,0.0000
site_158,1275,0.1351,0.0427,0.0120,0.0038,0.0106,0.0006,0.0052,0.0010,0.0006,0.0002,0.7330,0.0060,0.0000,0.0280,0.0176,0.0000,0.0000,0.0000,0.0000,0.0029,0.0006,0.0000,0.0000,0.0000,0.0000
site_159,1275,0.0116,0.0001,0.0066,0.0072,0.0066,0.0005,0.0027,0.0025,0.0033,0.0004,0.8858,0.0049,0.0000,0.0440,0.0192,0.0000,0.0000,0.0000,0.0000,0.0028,0.0019,0.0000,0.0000,0.0000,0.0000
site_160,1275,0.1382,0.0388,0.0035,0.0061,0.0033,0.0000,0.0014,0.0000,0.0000,0.0000,0.7525,0.0000,0.0000,0.0371,0.0154,0.0000,0.0000,0.0000,0.0000,0.0030,0.0008,0.0000,0.0000,0.0000,0.0000
site_161,1275,0.1890,0.0691,0.0092,0.0078,0.0078,0.0006,0.0045,0.0000,0.0000,0.0000,0.6713,0.0048,0.0000,0.0260,0.0099,0.0000,0.0000,0.0000,0.0000,0.0000,0.0000,0.0000,0.0000,0.0000,0.0000
site_162,1275,0.0782,0.0172,0.0200,0.0038,0.0162,0.0009,0.0094,0.0034,0.0036,0.0006,0.7960,0.0052,0.0000,0.0311,0.0145,0.0000,0.0000,0.0000,0.0000,0.0000,0.0000,0.0000,0.0000,0.0000,0.0000
site_163,1895,0.1454,0.0278,0.0059,0.0034,0.0056,0.0004,0.0021,0.0033,0.0044,0.0003,0.7386,0.0000,0.0000,0.0436,0.0191,0.0000,0.0000,0.0000,0.0000,0.0000,0.0000,0.0000,0.0000,0.0000,0.0000
site_164,1895,0.1054,0.0163,0.0045,0.0030,0.0063,0.0006,0.0023,0.0069,0.0087,0.0012,0.8024,0.0019,0.0018,0.0228,0.0134,0.0000,0.0000,0.0000,0.0000,0.0012,0.0012,0.0000,0.0000,0.0000,0.0000
site_165,1895,0.1325,0.0259,0.0073,0.0012,0.0049,0.0003,0.0020,0.0072,0.0095,0.0002,0.7568,0.0021,0.0000,0.0374,0.0128,0.0000,0.0000,0.0000,0.0000,0.0000,0.0000,0.0000,0.0000,0.0000,0.0000
site_166,1895,0.1893,0.0359,0.0067,0.0049,0.0089,0.0009,0.0021,0.0135,0.0211,0.0041,0.6609,0.0010,0.0000,0.0362,0.0145,0.0000,0.0000,0.0000,0.0000,0.0000,0.0000,0.0000,0.0000,0.0000,0.0000
site_167,1895,0.2877,0.0456,0.0076,0.0053,0.0103,0.0011,0.0032,0.0113,0.0176,0.0026,0.5634,0.0023,0.0000,0.0280,0.0139,0.0000,0.0000,0.0000,0.0000,0.0000,0.0000,0.0000,0.0000,0.0000,0.0000
site_168,1426,0.1517,0.0581,0.0068,0.0099,0.0043,0.0004,0.0016,0.0042,0.0071,0.0008,0.7326,0.0010,0.0000,0.0171,0.0044,0.0000,0.0000,0.0000,0.0000,0.0000,0.0000,0.0000,0.0000,0.0000,0.0000
site_169,1426,0.2022,0.0861,0.0075,0.0082,0.0110,0.0018,0.0062,0.0275,0.0379,0.0076,0.5781,0.0026,0.0000,0.0164,0.0050,0.0000,0.0000,0.0000,0.0000,0.0014,0.0005,0.0000,0.0000,0.0000,0.0000
site_170,1426,0.1529,0.0487,0.0110,0.0064,0.0079,0.0008,0.0046,0.0060,0.0081,0.0010,0.7281,0.0023,0.0000,0.0166,0.0041,0.0000,0.0000,0.0000,0.0000,0.0008,0.0006,0.0000,0.0000,0.0000,0.0000
site_171,1426,0.1504,0.0654,0.0115,0.0104,0.0189,0.0019,0.0082,0.0328,0.0432,0.0065,0.6294,0.0032,0.0000,0.0108,0.0074,0.0000,0.0000,0.0000,0.0000,0.0000,0.0000,0.0000,0.0000,0.0000,0.0000
site_172,1426,0.1737,0.0518,0.0082,0.0095,0.0071,0.0007,0.0039,0.0113,0.0166,0.0017,0.6897,0.0016,0.0000,0.0181,0.0046,0.0000,0.0000,0.0000,0.0000,0.0012,0.0003,0.0000,0.0000,0.0000,0.0000
site_173,1032,0.0370,0.0192,0.0064,0.0041,0.0045,0.0002,0.0015,0.0073,0.0111,0.0015,0.8308,0.0138,0.0059,0.0276,0.0196,0.0023,0.0028,0.0000,0.0000,0.0019,0.0024,0.0000,0.0000,0.0000,0.0000
site_174,1032,0.0598,0.0126,0.0035,0.0042,0.0063,0.0003,0.0033,0.0041,0.0044,0.0004,0.8632,0.0059,0.0037,0.0202,0.0081,0.0000,0.0000,0.0000,0.0000,0.0000,0.0000,0.0000,0.0000,0.0000,0.0000
site_175,1032,0.1111,0.0271,0.0087,0.0038,0.0021,0.0003,0.0005,0.0025,0.0034,0.0005,0.8056,0.0025,0.0016,0.0209,0.0095,0.0000,0.0000,0.0000,0.0000,0.0000,0.0000,0.0000,0.0000,0.0000,0.0000
site_176,1032,0.0519,0.0113,0.0153,0.0022,0.0107,0.0008,0.0065,0.0152,0.0262,0.0023,0.8100,0.0096,0.0043,0.0186,0.0116,0.0015,0.0020,0.0000,0.0000,0.0000,0.0000,0.0000,0.0000,0.0000,0.0000
site_177,1032,0.0742,0.0209,0.0073,0.0048,0.0042,0.0002,0.0020,0.0015,0.0019,0.0004,0.8473,0.0038,0.0034,0.0152,0.0112,0.0000,0.0000,0.0000,0.0000,0.0009,0.0008,0.0000,0.0000,0.0000,0.0000
site_178,1295,0.1773,0.0621,0.0155,0.0036,0.0198,0.0009,0.0103,0.0098,0.0133,0.0027,0.6676,0.0000,0.0000,0.0171,0.0000,0.0000,0.0000,0.0000,0.0000,0.0000,0.0000,0.0000,0.0000,0.0000,0.0000
site_179,1295,0.2614,0.0587,0.0078,0.0039,0.0096,0.0011,0.0044,0.0110,0.0148,0.0028,0.6095,0.0000,0.0000,0.0106,0.0043,0.0000,0.0000,0.0000,0.0000,0.0000,0.0000,0.0000,0.0000,0.0000,0.0000
site_180,1295,0.2032,0.0630,0.0046,0.0064,0.0047,0.0012,0.0025,0.0113,0.0184,0.0022,0.6606,0.0000,0.0000,0.0196,0.0025,0.0000,0.0000,0.0000,0.0000,0.0000,0.0000,0.0000,0.0000,0.0000,0.0000
site_181,1295,0.1030,0.0373,0.0128,0.0128,0.0220,0.0046,0.0159,0.0660,0.1014,0.0319,0.5861,0.0061,0.0000,0.0000,0.0000,0.0000,0.0000,0.0000,0.0000,0.0000,0.0000,0.0000,0.0000,0.0000,0.0000
site_182,1295,0.2691,0.1052,0.0073,0.0081,0.0097,0.0021,0.0044,0.0297,0.0480,0.0081,0.4969,0.0000,0.0000,0.0077,0.0036,0.0000,0.0000,0.0000,0.0000,0.0000,0.0000,0.0000,0.0000,0.0000,0.0000
site_183,1382,0.0380,0.0091,0.0024,0.0010,0.0012,0.0000,0.0005,0.0007,0.0013,0.0002,0.9063,0.0031,0.0008,0.0284,0.0047,0.0000,0.0000,0.0000,0.0000,0.0019,0.0007,0.0000,0.0000,0.0000,0.0000
site_184,1382,0.0668,0.0238,0.0035,0.0026,0.0022,0.0003,0.0015,0.0064,0.0064,0.0005,0.8307,0.0028,0.0005,0.0411,0.0098,0.0000,0.0000,0.0000,0.0000,0.0007,0.0006,0.0000,0.0000,0.0000,0.0000
site_185,1382,0.0205,0.0053,0.0093,0.0008,0.0120,0.0009,0.0062,0.0035,0.0047,0.0006,0.8946,0.0021,0.0012,0.0275,0.0075,0.0000,0.0000,0.0000,0.0000,0.0011,0.0023,0.0000,0.0000,0.0000,0.0000
site_186,1382,0.0822,0.0077,0.0098,0.0017,0.0080,0.0007,0.0052,0.0077,0.0095,0.0025,0.8019,0.0039,0.0019,0.0324,0.0201,0.0000,0.0000,0.0000,0.0000,0.0027,0.0021,0.0000,0.0000,0.0000,0.0000
site_187,1382,0.0489,0.0120,0.0035,0.0012,0.0020,0.0002,0.0010,0.0006,0.0009,0.0003,0.8829,0.0038,0.0009,0.0325,0.0064,0.0030,0.0000,0.0000,0.0000,0.0000,0.0000,0.0000,0.0000,0.0000,0.0000
site_188,1691,0.0664,0.0200,0.0065,0.0014,0.0075,0.0004,0.0032,0.0056,0.0085,0.0012,0.8643,0.0000,0.0000,0.0098,0.0054,0.0000,0.0000,0.0000,0.0000,0.0000,0.0000,0.0000,0.0000,0.0000,0.0000
site_189,1691,0.0356,0.0300,0.0053,0.0037,0.0034,0.0008,0.0019,0.0204,0.0314,0.0007,0.8200,0.0000,0.0000,0.0334,0.0117,0.0000,0.0000,0.0000,0.0000,0.0014,0.0006,0.0000,0.0000,0.0000,0.0000
site_190,1691,0.2571,0.1873,0.0110,0.0163,0.0030,0.0003,0.0011,0.0057,0.0104,0.0013,0.4727,0.0000,0.0000,0.0227,0.0111,0.0000,0.0000,0.0000,0.0000,0.0000,0.0000,0.0000,0.0000,0.0000,0.0000
site_191,1691,0.0562,0.0153,0.0092,0.0022,0.0059,0.0005,0.0029,0.0031,0.0045,0.0006,0.8849,0.0000,0.0000,0.0105,0.0041,0.0000,0.0000,0.0000,0.0000,0.0000,0.0000,0.0000,0.0000,0.0000,0.0000
site_192,1691,0.0599,0.0130,0.0102,0.0025,0.0094,0.0008,0.0055,0.0042,0.0065,0.0008,0.8682,0.0000,0.0000,0.0140,0.0051,0.0000,0.0000,0.0000,0.0000,0.0000,0.0000,0.0000,0.0000,0.0000,0.0000
site_193,1691,0.1383,0.0522,0.0108,0.0015,0.0131,0.0018,0.0125,0.0086,0.0101,0.0012,0.7173,0.0038,0.0028,0.0169,0.0069,0.0000,0.0000,0.0000,0.0000,0.0017,0.0004,0.0000,0.0000,0.0000,0.0000
site_194,1572,0.1101,0.0332,0.0281,0.0057,0.0312,0.0022,0.0206,0.0169,0.0211,0.0042,0.7127,0.0000,0.0000,0.0084,0.0058,0.0000,0.0000,0.0000,0.0000,0.0000,0.0000,0.0000,0.0000,0.0000,0.0000
site_195,1572,0.1136,0.0431,0.0124,0.0087,0.0166,0.0013,0.0066,0.0231,0.0348,0.0080,0.7199,0.0000,0.0000,0.0095,0.0025,0.0000,0.0000,0.0000,0.0000,0.0000,0.0000,0.0000,0.0000,0.0000,0.0000
site_196,1572,0.3435,0.1436,0.0104,0.0236,0.0023,0.0000,0.0030,0.0010,0.0031,0.0000,0.4559,0.0000,0.0000,0.0081,0.0054,0.0000,0.0000,0.0000,0.0000,0.0000,0.0000,0.0000,0.0000,0.0000,0.0000
site_197,1572,0.2016,0.1200,0.0149,0.0194,0.0069,0.0015,0.0049,0.0140,0.0218,0.0039,0.5754,0.0000,0.0000,0.0105,0.0052,0.0000,0.0000,0.0000,0.0000,0.0000,0.0000,0.0000,0.0000,0.0000,0.0000
site_198,1572,0.1181,0.0338,0.0085,0.0070,0.0083,0.0008,0.0047,0.0113,0.0156,0.0041,0.7689,0.0000,0.0000,0.0138,0.0052,0.0000,0.0000,0.0000,0.0000,0.0000,0.0000,0.0000,0.0000,0.0000,0.0000
site_199,3518,0.0384,0.0000,0.0177,0.0000,0.0132,0.0000,0.0016,0.0021,0.0006,0.0000,0.9264,0.0000,0.0000,0.0000,0.0000,0.0000,0.0000,0.0000,0.0000,0.0000,0.0000,0.0000,0.0000,0.0000,0.0000
site_200,3518,0.0135,0.0054,0.0034,0.0022,0.0051,0.0000,0.0000,0.0000,0.0000,0.0000,0.9534,0.0000,0.0000,0.0103,0.0068,0.0000,0.0000,0.0000,0.0000,0.0000,0.0000,0.0000,0.0000,0.0000,0.0000
site_201,3518,0.0115,0.0000,0.0068,0.0000,0.0048,0.0012,0.0024,0.0000,0.0000,0.0000,0.9635,0.0011,0.0012,0.0050,0.0026,0.0000,0.0000,0.0000,0.0000,0.0000,0.0000,0.0000,0.0000,0.0000,0.0000
site_202,3518,0.0268,0.0025,0.0012,0.0071,0.0025,0.0052,0.0000,0.0000,0.0000,0.0000,0.9340,0.0040,0.0099,0.0050,0.0018,0.0000,0.0000,0.0000,0.0000,0.0000,0.0000,0.0000,0.0000,0.0000,0.0000
site_203,3518,0.0241,0.0040,0.0038,0.0015,0.0025,0.0009,0.0014,0.0000,0.0000,0.0000,0.9502,0.0000,0.0000,0.0088,0.0028,0.0000,0.0000,0.0000,0.0000,0.0000,0.0000,0.0000,0.0000,0.0000,0.0000
site_204,3518,0.0085,0.0025,0.0011,0.0004,0.0021,0.0009,0.0012,0.0000,0.0000,0.0000,0.9705,0.0008,0.0020,0.0063,0.0038,0.0000,0.0000,0.0000,0.0000,0.0000,0.0000,0.0000,0.0000,0.0000,0.0000
site_205,3518,0.0088,0.0000,0.0022,0.0000,0.0025,0.0000,0.0000,0.0000,0.0000,0.0000,0.9804,0.0000,0.0000,0.0047,0.0014,0.0000,0.0000,0.0000,0.0000,0.0000,0.0000,0.0000,0.0000,0.0000,0.0000
site_206,3518,0.0132,0.0000,0.0081,0.0000,0.0056,0.0000,0.0024,0.0000,0.0000,0.0000,0.9655,0.0000,0.0000,0.0052,0.0000,0.0000,0.0000,0.0000,0.0000,0.0000,0.0000,0.0000,0.0000,0.0000,0.0000
site_207,3518,0.0122,0.0026,0.0065,0.0000,0.0018,0.0000,0.0000,0.0000,0.0000,0.0000,0.9622,0.0012,0.0044,0.0058,0.0033,0.0000,0.0000,0.0000,0.0000,0.0000,0.0000,0.0000,0.0000,0.0000,0.0000
site_208,3518,0.0059,0.0015,0.0007,0.0004,0.0007,0.0000,0.0000,0.0000,0.0004,0.0000,0.9757,0.0053,0.0039,0.0055,0.0000,0.0000,0.0000,0.0000,0.0000,0.0000,0.0000,0.0000,0.0000,0.0000,0.0000
site_209,3518,0.0277,0.0062,0.0060,0.0013,0.0046,0.0003,0.0024,0.0019,0.0018,0.0000,0.9234,0.0058,0.0048,0.0101,0.0037,0.0000,0.0000,0.0000,0.0000,0.0000,0.0000,0.0000,0.0000,0.0000,0.0000
site_210,470,0.0593,0.0090,0.0071,0.0098,0.0083,0.0025,0.0050,0.0533,0.0824,0.0151,0.5601,0.0440,0.0045,0.0331,0.0911,0.0016,0.0039,0.0000,0.0000,0.0022,0.0079,0.0000,0.0000,0.0000,0.0000
site_211,470,0.0301,0.0072,0.0071,0.0105,0.0098,0.0042,0.0060,0.0653,0.0976,0.0103,0.5297,0.0694,0.0069,0.0278,0.0976,0.0025,0.0066,0.0000,0.0000,0.0045,0.0067,0.0000,0.0000,0.0000,0.0000
site_212,470,0.0251,0.0043,0.0034,0.0037,0.0040,0.0014,0.0030,0.0437,0.0661,0.0070,0.6298,0.0618,0.0065,0.0273,0.0957,0.0010,0.0075,0.0000,0.0000,0.0030,0.0060,0.0000,0.0000,0.0000,0.0000
site_213,472,0.0588,0.0075,0.0086,0.0083,0.0111,0.0041,0.0070,0.0698,0.1215,0.0176,0.4568,0.0690,0.0079,0.0389,0.0927,0.0010,0.0102,0.0000,0.0000,0.0031,0.0061,0.0000,0.0000,0.0000,0.0000
site_214,470,0.0225,0.0062,0.0044,0.0065,0.0052,0.0036,0.0038,0.0482,0.0835,0.0191,0.6197,0.0582,0.0073,0.0308,0.0692,0.0009,0.0041,0.0000,0.0000,0.0022,0.0046,0.0000,0.0000,0.0000,0.0000
site_215,458,0.0091,0.0025,0.0012,0.0013,0.0013,0.0019,0.0000,0.0153,0.0202,0.0057,0.8372,0.0040,0.0025,0.0683,0.0262,0.0000,0.0000,0.0000,0.0000,0.0018,0.0014,0.0000,0.0000,0.0000,0.0000
site_216,458,0.0321,0.0038,0.0017,0.0020,0.0027,0.0009,0.0018,0.0227,0.0392,0.0058,0.8159,0.0128,0.0022,0.0253,0.0284,0.0000,0.0000,0.0000,0.0000,0.0014,0.0015,0.0000,0.0000,0.0000,0.0000
site_217,458,0.0171,0.0011,0.0034,0.0052,0.0050,0.0022,0.0023,0.0318,0.0553,0.0153,0.8165,0.0262,0.0000,0.0126,0.0059,0.0000,0.0000,0.0000,0.0000,0.0000,0.0000,0.0000,0.0000,0.0000,0.0000
site_218,458,0.0510,0.0080,0.0104,0.0124,0.0117,0.0066,0.0077,0.1217,0.1993,0.0468,0.1271,0.1701,0.0128,0.0667,0.1362,0.0000,0.0000,0.0000,0.0000,0.0046,0.0066,0.0000,0.0000,0.0000,0.0000
site_219,534,0.0229,0.0024,0.0087,0.0000,0.0160,0.0068,0.0082,0.1357,0.2055,0.0644,0.2971,0.0796,0.0089,0.0223,0.1045,0.0171,0.0000,0.0000,0.0000,0.0000,0.0000,0.0000,0.0000,0.0000,0.0000
site_220,534,0.0036,0.0002,0.0005,0.0041,0.0018,0.0007,0.0006,0.0075,0.0127,0.0035,0.8765,0.0223,0.0061,0.0317,0.0212,0.0000,0.0000,0.0000,0.0000,0.0037,0.0031,0.0000,0.0000,0.0000,0.0000
site_221,534,0.0657,0.0097,0.0100,0.0150,0.0181,0.0067,0.0091,0.0781,0.1152,0.0208,0.3633,0.0744,0.0090,0.0447,0.1240,0.0038,0.0108,0.0000,0.0000,0.0036,0.0180,0.0000,0.0000,0.0000,0.0000
site_222,534,0.1113,0.0203,0.0132,0.0227,0.0191,0.0073,0.0091,0.1045,0.1588,0.0311,0.4551,0.0109,0.0000,0.0154,0.0149,0.0000,0.0000,0.0000,0.0000,0.0049,0.0014,0.0000,0.0000,0.0000,0.0000
site_223,444,0.1659,0.0720,0.0188,0.0120,0.0240,0.0072,0.0121,0.1386,0.1953,0.0192,0.3067,0.0000,0.0000,0.0136,0.0107,0.0000,0.0000,0.0000,0.0000,0.0028,0.0010,0.0000,0.0000,0.0000,0.0000
site_224,444,0.1414,0.0027,0.0119,0.0115,0.0193,0.0000,0.0115,0.1053,0.1523,0.0134,0.4007,0.0244,0.0296,0.0285,0.0147,0.0062,0.0000,0.0104,0.0000,0.0048,0.0036,0.0022,0.0020,0.0028,0.0009
site_225,444,0.1701,0.0026,0.0036,0.0024,0.0118,0.0043,0.0093,0.0331,0.0366,0.0148,0.6568,0.0000,0.0000,0.0377,0.0170,0.0000,0.0000,0.0000,0.0000,0.0000,0.0000,0.0000,0.0000,0.0000,0.0000
site_226,444,0.1343,0.0483,0.0160,0.0107,0.0269,0.0059,0.0112,0.1271,0.1740,0.0122,0.3946,0.0015,0.0000,0.0278,0.0096,0.0000,0.0000,0.0000,0.0000,0.0000,0.0000,0.0000,0.0000,0.0000,0.0000
site_227,444,0.0792,0.0217,0.0063,0.0088,0.0171,0.0053,0.0084,0.1028,0.1405,0.0262,0.5072,0.0034,0.0000,0.0472,0.0223,0.0000,0.0000,0.0000,0.0000,0.0020,0.0015,0.0000,0.0000,0.0000,0.0000
site_228,671,0.1635,0.0489,0.0276,0.0101,0.0429,0.0039,0.0301,0.1225,0.1437,0.0643,0.2977,0.0049,0.0019,0.0150,0.0048,0.0035,0.0035,0.0038,0.0000,0.0071,0.0000,0.0000,0.0000,0.0000,0.0000
site_229,1189,0.0806,0.0168,0.0084,0.0131,0.0159,0.0044,0.0078,0.0539,0.0762,0.0188,0.6747,0.0037,0.0027,0.0175,0.0042,0.0000,0.0000,0.0000,0.0000,0.0013,0.0000,0.0000,0.0000,0.0000,0.0000