Site,MAT,Precipition (mm y-1) Karger 2017,PH,13C bulk,GDGT-0,GDGT-1',isoGDGT-1,isoGDGT-2',isoGDGT-2,isoGDGT-3',isoGDGT-3,isoGDGT-4,Crenarchaeol,Cren',brGDGT Ia,brGDGT Ib,brGDGT Ic,brGDGT IIa,brGDGT IIa',brGDGT IIb,brGDGT IIb',brGDGT IIc,brGDGT IIc',brGDGT IIIa,brGDGT IIIa',brGDGT IIIb,brGDGT IIIb',brGDGT IIIc,brGDGT IIIc'
site_1,19.1,1665,4.3,-27.14,0.0067,0.0005,0.0029,0.0014,0.0029,0.0003,0.001,0.0061,0.0083,0.0011,0.8106,0.0088,0.006,0.1136,0.0261,0,0,0,0,0.0032,0.0008,0,0,0,0
site_2,19.1,1665,4.5,-26.93,0.0057,0.0005,0.003,0.0031,0.004,0.0006,0.0016,0.0127,0.0208,0.0027,0.785,0.013,0.0082,0.0942,0.0414,0,0,0,0,0.0024,0.0009,0,0,0,0
site_3,19.1,1665,4.9,-25.88,0.0048,0.0004,0.0032,0.0027,0.005,0.0008,0.0019,0.0079,0.0128,0.0035,0.8246,0.0075,0.0074,0.0857,0.0275,0,0,0,0,0.0035,0.0009,0,0,0,0
site_4,19.2,1647,4.6,-27.05,0.0258,0.0018,0.0181,0.0026,0.0204,0.0009,0.0036,0.013,0.0163,0.0021,0.7444,0.0083,0.0049,0.0834,0.046,0.0012,0.0008,0,0,0.004,0.0025,0,0,0,0
site_5,19.2,1647,4.6,-27.36,0.0038,0.0008,0.0024,0.0016,0.003,0.0009,0.0011,0.0086,0.0154,0.0011,0.7977,0.0183,0.0056,0.0827,0.0476,0.0013,0.0021,0,0,0.0036,0.0025,0,0,0,0
site_6,19.2,1647,4.6,-27.26,0.0079,0.0008,0.0038,0.0019,0.0073,0.0002,0.0012,0.0096,0.0187,0.0017,0.8185,0.0108,0.0055,0.0699,0.0372,0,0,0,0,0.0024,0.0025,0,0,0,0
site_7,19.2,1647,5.8,-28.34,0.0084,0.0011,0.0009,0.0014,0.0009,0.0003,0.0003,0.0071,0.01,0.0009,0.829,0.0187,0.0056,0.0726,0.0348,0.0029,0,0,0,0.0026,0.0023,0,0,0,0
site_8,20,1299,4,-27.7,0.0405,0.009,0.0062,0.0083,0.0128,0.0018,0.0063,0.0065,0.0098,0.0042,0.7211,0.0103,0.0087,0.1121,0.0423,0,0,0,0,0,0,0,0,0,0
site_9,20,1299,4.1,-27.24,0.0186,0.0047,0.0069,0.0042,0.0098,0.0011,0.0055,0.0126,0.0151,0.0062,0.794,0.0065,0.0039,0.0687,0.0283,0.0006,0.0005,0,0,0.0112,0.0014,0,0,0,0
site_10,20,1299,4.1,-27.45,0.0164,0.0048,0.0065,0.0079,0.0111,0.0021,0.0051,0.0167,0.025,0.0069,0.7635,0.0073,0.0026,0.0856,0.0275,0,0,0.0079,0.0031,0,0,0,0,0,0
site_11,20,1299,4.2,-27.13,0.0297,0.0045,0.0049,0.0062,0.0168,0.0025,0.0076,0.017,0.0239,0.0073,0.7515,0.01,0.0054,0.0722,0.0266,0,0,0,0,0.01,0.0039,0,0,0,0
site_12,20,1299,4,-27.37,0.011,0.0031,0.0041,0.0045,0.0066,0.0013,0.0028,0.0112,0.0162,0.0056,0.8139,0.0053,0.0045,0.0738,0.0257,0,0,0,0,0.0071,0.0034,0,0,0,0
site_13,21.4,1365,6.3,-27.91,0.0111,0.0013,0.0053,0.0068,0.002,0.0031,0.0049,0.0434,0.0656,0.0028,0.3721,0.1617,0.0481,0.0417,0.1244,0.0158,0.0648,0.0008,0.0032,0.0092,0.0117,0,0,0,0
site_14,21.4,1365,5.6,-26.26,0.017,0.002,0.0053,0.0105,0.0056,0.0047,0.0055,0.0528,0.0672,0.0136,0.4093,0.1634,0.0574,0.0374,0.0707,0.0056,0.0478,0.0013,0.0021,0.0064,0.0145,0,0,0,0
site_15,21.4,1365,5.8,-26.09,0.0146,0.0046,0.0057,0.0082,0.0044,0.005,0.0045,0.0542,0.086,0.0128,0.3805,0.1582,0.0497,0.0496,0.0847,0.0253,0.032,0.0017,0.0021,0.005,0.0113,0,0,0,0
site_16,21.4,1365,7.1,-27.19,0.2485,0.0026,0.0052,0.0074,0.0071,0.0036,0.0035,0.0554,0.0741,0.0034,0.2198,0.114,0.0242,0.0295,0.0979,0.0101,0.0552,0.0011,0.0018,0.0055,0.0245,0.0016,0.0042,0,0
site_17,21.4,1365,6.6,-27.83,0.0061,0.0015,0.0066,0.0056,0.0049,0.0016,0.0036,0.0677,0.0748,0.0097,0.2212,0.1976,0.0408,0.0259,0.1511,0.04,0.0688,0.0039,0.0067,0.0101,0.0348,0.0044,0.0105,0.0009,0.0012
site_18,19.6,1655,4.6,-27.6,0.0067,0.0008,0.0017,0.0017,0.002,0.0006,0.0011,0.0042,0.0074,0.0018,0.8277,0.0204,0.0044,0.0688,0.041,0.0015,0.0022,0,0,0.0024,0.0037,0,0,0,0
site_19,19.6,1655,4.8,-25.35,0.0373,0.0017,0.0252,0.0033,0.0212,0.0009,0.0057,0.0086,0.0114,0.0017,0.7581,0.0161,0.0031,0.0776,0.0241,0,0,0,0,0.0027,0.0012,0,0,0,0
site_20,19.6,1655,4.9,-27.58,0.0221,0.0071,0.0034,0.0055,0.0031,0.0013,0.0015,0.0117,0.0204,0.0045,0.7748,0.0163,0.0036,0.0705,0.0462,0.0013,0.002,0,0,0.0025,0.0024,0,0,0,0
site_21,19.6,1655,4.8,-26.9,0.0094,0.0019,0.0052,0.0023,0.0047,0.0006,0.0014,0.0015,0.0026,0.0017,0.8315,0.0144,0.0026,0.0606,0.0486,0.001,0.0026,0,0,0.0039,0.0035,0,0,0,0
site_22,19.6,1655,5,-26.78,0.0102,0.0018,0.0016,0.0018,0.0013,0.0006,0.0006,0.0043,0.0061,0.0018,0.8516,0.0053,0.0012,0.0843,0.0217,0,0,0,0,0.0033,0.0024,0,0,0,0
site_23,25.3,1673,5,-27.75,0.0422,0.0145,0.004,0.0049,0.0056,0.0011,0.0043,0.01,0.0166,0.0067,0.8424,0.0032,0.0021,0.0326,0.0051,0,0,0,0,0.0047,0,0,0,0,0
site_24,25.3,1673,4.6,-29.35,0.0909,0.0443,0.005,0.0059,0.0043,0.0011,0.0022,0.0151,0.0243,0.0043,0.7583,0.0037,0.005,0.0222,0.0052,0,0,0,0,0.0074,0.001,0,0,0,0
site_25,25.3,1673,4.7,-27.79,0.0653,0.0347,0.0039,0.0041,0.0042,0.0012,0.0031,0.0097,0.0145,0.0038,0.8016,0.0056,0.0042,0.0332,0.0071,0,0,0,0,0.0039,0,0,0,0,0
site_26,25.3,1673,4.5,-28.37,0.1171,0.0311,0.0064,0.0068,0.0063,0.0015,0.0051,0.0172,0.0243,0.008,0.7355,0.0039,0.0041,0.0245,0.0051,0,0,0,0,0.003,0,0,0,0,0
site_27,25.3,1673,4.3,-27.81,0.064,0.0294,0.0038,0.0064,0.0041,0.0016,0.0021,0.0149,0.0231,0.0079,0.7887,0.0033,0.0037,0.0343,0.0092,0,0,0,0,0.0035,0,0,0,0,0
site_28,25.4,1641,4.7,-28.48,0.0388,0.0107,0.0107,0.0012,0.0084,0.0006,0.0053,0.0041,0.0057,0.0037,0.8801,0.002,0.0045,0.0232,0,0,0,0,0,0.0012,0,0,0,0,0
site_29,25.4,1641,4.7,-29.15,0.1019,0.0185,0.0047,0.0018,0.0056,0.0004,0.0026,0.0043,0.0064,0.0011,0.8208,0.0016,0.0024,0.0272,0,0,0,0,0,0.0007,0,0,0,0,0
site_30,25.4,1641,4.8,-28.5,0.0339,0.0109,0.0042,0.0013,0.004,0.0003,0.002,0.0053,0.008,0.0023,0.8694,0.0017,0.0016,0.0471,0.0056,0,0,0,0,0.0023,0,0,0,0,0
site_31,25.4,1641,4.5,-28.68,0.076,0.0255,0.0039,0.0019,0.0024,0.0006,0.0016,0.0041,0.0062,0.0029,0.8183,0.0016,0.0016,0.0406,0.0087,0,0,0,0,0.004,0,0,0,0,0
site_32,25.4,1641,4.8,-28.32,0.0298,0.0096,0.0095,0.0024,0.0074,0.0007,0.0038,0.0071,0.0095,0.0028,0.8718,0.0027,0.0022,0.0323,0.0061,0,0,0,0,0.0021,0,0,0,0,0
site_33,25.4,1525,4.4,-29.77,0.0217,0.0072,0.0018,0.0032,0.0016,0.0005,0.0016,0.0029,0.0051,0.0015,0.9011,0.0029,0.0028,0.028,0.0075,0,0,0,0,0.0106,0,0,0,0,0
site_34,25.4,1525,4.3,-29.51,0.0286,0.0125,0.007,0.0023,0.0029,0.0032,0.0049,0.0088,0.0108,0.0079,0.8721,0.0022,0.004,0.0154,0.0145,0,0,0,0,0.0022,0.0009,0,0,0,0
site_35,25.4,1525,4.1,-29.84,0.0718,0.0338,0.0045,0.0034,0.0049,0.0017,0.003,0.0132,0.0187,0.0036,0.7543,0.0037,0.0035,0.0548,0.0187,0,0,0,0,0.0063,0,0,0,0,0
site_36,25.4,1525,4.1,-29.76,0.0197,0.0138,0.0003,0.0014,0.001,0.0005,0.0011,0.0035,0.0077,0.0041,0.889,0.0016,0.0025,0.0485,0.0034,0,0,0,0,0.002,0,0,0,0,0
site_37,25.4,1525,4.4,-29.44,0.1204,0.0528,0.0112,0.0082,0.0128,0.0035,0.0045,0.0095,0.0148,0.0036,0.662,0.0014,0,0.0305,0.0544,0,0,0,0,0.0104,0,0,0,0,0
site_38,25.2,1684,4.1,-29.34,0.0835,0.0486,0.0079,0.0085,0.0098,0.0024,0.0074,0.0256,0.0389,0.0077,0.704,0.0049,0.0043,0.0194,0.0206,0,0,0,0,0.0051,0.0016,0,0,0,0
site_39,25.2,1684,4.1,-29.43,0.0394,0.023,0.0064,0.0061,0.0036,0.0008,0.0084,0.0205,0.0352,0.0109,0.7969,0.0036,0.0043,0.03,0.0056,0,0,0,0,0.0055,0,0,0,0,0
site_40,25.2,1684,4.4,-29.04,0.0537,0.0234,0.0061,0.0053,0.014,0.0021,0.0103,0.0216,0.0293,0.0111,0.7637,0.005,0.005,0.0343,0.0084,0,0,0,0,0.0068,0,0,0,0,0
site_41,25.2,1684,4.3,-29.39,0.0616,0.0142,0.0055,0.0024,0.0027,0.0005,0.0104,0.0198,0.0377,0.008,0.782,0.0043,0.0047,0.029,0.0097,0,0,0,0,0.0066,0.0009,0,0,0,0
site_42,25.2,1684,4.1,-29.22,0.0799,0.03,0.0156,0.0107,0.0241,0.0037,0.0218,0.0386,0.03,0.0205,0.6655,0.0064,0.0076,0.0285,0.007,0,0,0,0,0.0102,0,0,0,0,0
site_43,25.1,1694,4,-29.9,0.0341,0.0153,0.0067,0.0055,0.0095,0.0016,0.0079,0.0172,0.0231,0.0065,0.8117,0.0086,0.0065,0.0391,0.0033,0,0,0,0,0.0034,0,0,0,0,0
site_44,25.1,1694,4.1,-29.24,0.0412,0.0205,0.0037,0.0061,0.0059,0.0016,0.0039,0.0176,0.0284,0.0079,0.8285,0.0044,0.0038,0.0095,0.0129,0,0,0,0,0.004,0,0,0,0,0
site_45,25.1,1694,4.3,-29.48,0.051,0.018,0.0042,0.0058,0.0061,0.0015,0.003,0.0162,0.0299,0.0065,0.7946,0.0024,0.0025,0.0392,0.0155,0,0,0,0,0.0037,0,0,0,0,0
site_46,25.1,1694,4.1,-28.9,0.0214,0.0075,0.0065,0.0052,0.0084,0.0016,0.0047,0.0141,0.0213,0.0069,0.8489,0.0044,0.0039,0.0311,0.0101,0,0,0,0,0.004,0,0,0,0,0
site_47,25.1,1694,4.4,-29.38,0.0647,0.0314,0.0033,0.0089,0.005,0.0028,0.0027,0.015,0.0248,0.0081,0.7784,0.004,0.0039,0.0324,0.0111,0,0,0,0,0.0035,0,0,0,0,0
site_48,25.7,1715,5.1,-28.53,0.0131,0.0015,0.0052,0.0024,0.0072,0.0009,0.006,0.0066,0.0084,0.0063,0.8859,0.0113,0.0156,0.0205,0.0066,0.001,0.0005,0,0,0.0006,0.0006,0,0,0,0
site_49,25.4,1590,5.9,-27.25,0.0062,0.0005,0.0011,0.001,0.0016,0.0002,0.0011,0.0024,0.0039,0.0043,0.92,0.0091,0.0169,0.0241,0.0063,0,0,0,0,0.0007,0.0007,0,0,0,0
site_50,25.2,1644,6.7,-26.68,0.0147,0.0029,0.0072,0.0045,0.0071,0.0035,0.0053,0.0442,0.0779,0.0138,0.6049,0.1008,0.038,0.0123,0.0466,0.0023,0.0095,0,0,0.0016,0.003,0,0,0,0
site_51,25.6,1808,,-28.51,0.0139,0.0014,0.0062,0.0012,0.0088,0.0005,0.0055,0.0047,0.0065,0.0024,0.8887,0.0083,0.009,0.0303,0.01,0,0,0,0,0.0013,0.0013,0,0,0,0
site_52,26.2,1955,5.8,-27.72,0.0301,0.0038,0.0024,0.0016,0.0034,0.0006,0.0018,0.0134,0.0192,0.0012,0.8199,0.0177,0.0082,0.0424,0.0276,0.0007,0.0018,0,0,0.0019,0.0022,0,0,0,0
site_53,26.1,2212,6.5,-28.39,0.0195,0.0031,0.0106,0.003,0.0151,0.0015,0.0141,0.0206,0.0244,0.0084,0.8069,0.0174,0.014,0.0226,0.0171,0,0,0,0,0.0011,0.0006,0,0,0,0
site_54,25.6,3518,4.2,-28.51,0.0295,0.01,0.0028,0.0043,0.0033,0.0012,0.0023,0.0103,0.0151,0.0054,0.8449,0.005,0.0038,0.0512,0.0056,0,0,0,0,0.0044,0.0009,0,0,0,0
site_55,25.6,3518,4,-27.46,0.0267,0.0088,0.0007,0.0007,0.0005,0.0002,0.0003,0.0019,0.0031,0.0009,0.8977,0.0052,0.0044,0.0415,0.0048,0,0,0,0,0.0026,0,0,0,0,0
site_56,25.6,3518,4.2,-27.96,0.0043,0.0014,0.0006,0.0026,0.0015,0.0008,0.0011,0.004,0.0066,0.0003,0.916,0.0054,0.0039,0.0452,0.0042,0,0,0,0,0.0022,0,0,0,0,0
site_57,25.6,3518,4.7,-16.99,0.0046,0.0012,0.0005,0.0001,0.0005,0.0001,0.0003,0.0002,0.0003,0,0.9665,0.006,0.0057,0.0113,0.0027,0,0,0,0,0,0,0,0,0,0
site_58,25.6,3518,4.1,-27.81,0.002,0.0007,0.0005,0.0007,0.0005,0.0007,0.0021,0.0088,0.014,0.0007,0.9148,0.007,0.0054,0.0394,0,0,0,0,0,0.0023,0.0003,0,0,0,0
site_59,25.6,3518,4.3,-29.01,0.0231,0.0313,0.0128,0.0018,0.0022,0.0008,0.0036,0.0482,0.0822,0.0056,0.6924,0.017,0.027,0.0323,0.0155,0,0,0,0,0.0042,0,0,0,0,0
site_60,25.6,3518,5.2,-27.26,0.0043,0.001,0.0005,0.0008,0.0007,0.0002,0.0005,0.0018,0.0028,0.0002,0.9233,0.0062,0.0044,0.0436,0.007,0,0,0,0,0.0028,0,0,0,0,0
site_61,25.6,3518,4.1,-28.45,0.0033,0.0009,0.0027,0.0005,0.0005,0.0001,0.0003,0.0101,0.0152,0.0004,0.9075,0.0077,0.0045,0.0382,0.0047,0,0,0,0,0.0029,0.0005,0,0,0,0
site_62,25.6,3518,4.8,-28.78,0.0028,0.0007,0.0003,0.0003,0.0003,0.0001,0.0002,0.0007,0.0011,0.0001,0.9526,0.0085,0.0047,0.0241,0.0031,0,0,0,0,0.0003,0,0,0,0,0
site_63,25.5,3515,4.7,-25.92,0.0079,0.001,0.0008,0.0011,0.004,0.0002,0.0007,0.0132,0.0167,0.0034,0.9098,0.0051,0.004,0.0266,0.0038,0,0,0,0,0.0017,0,0,0,0,0
site_64,25.5,3515,5.7,-29.56,0.1124,0.0067,0.0079,0.0021,0.0122,0.0007,0.0039,0.0058,0.0091,0.0034,0.7112,0.0126,0.0042,0.0744,0.0236,0.0013,0.0007,0.0004,0,0.0052,0.0022,0,0,0,0
site_65,25.5,3515,4.3,-28.23,0.015,0.0023,0.0084,0.0061,0.01,0.002,0.0075,0.0161,0.025,0.013,0.8804,0.0075,0.0049,0.0018,0,0,0,0,0,0,0,0,0,0,0
site_66,25.5,3569,5.1,-26.9,0.0256,0.0064,0.0046,0.0034,0.0036,0.0011,0.0023,0.0086,0.014,0.0059,0.8861,0.0032,0.0035,0.0265,0.0053,0,0,0,0,0,0,0,0,0,0
site_67,25.6,3431,5.4,-29.49,0.0294,0,0.006,0,0.0743,0,0.0121,0.1571,0.2756,0.0093,0.3915,0.0077,0.0018,0.0245,0.0108,0,0,0,0,0,0,0,0,0,0
site_68,25.6,3431,5.2,-28.53,0.0078,0,0.0005,0.0005,0.0053,0.0002,0.0006,0.0046,0.007,0.0097,0.9491,0.0076,0.0028,0.003,0.0004,0.0006,0.0004,0,0,0,0,0,0,0,0
site_69,25.6,3431,5,-28.62,0.0488,0.0101,0.004,0.0008,0.0056,0.0006,0.003,0.0089,0.0128,0.0027,0.873,0.006,0.0062,0.0177,0,0,0,0,0,0,0,0,0,0,0
site_70,25.6,3431,5.1,-29.34,0.0221,0.0073,0.0056,0.0049,0.0074,0.0013,0.0041,0.0103,0.0152,0.0124,0.8542,0.0076,0.0046,0.0402,0,0,0,0,0,0.0026,0,0,0,0,0
site_71,25.6,3431,5,-29.98,0.224,0.0074,0.0108,0.0091,0.0108,0.0018,0.006,0.0188,0.0282,0.0036,0.5918,0.0094,0.0049,0.0437,0.0231,0.0009,0,0.0002,0,0.0039,0.0013,0.0001,0.0002,0,0
site_72,25.6,3431,5.3,-30.88,0.1073,0.0026,0.0021,0.0051,0.0071,0.0008,0.0026,0.0041,0.006,0.0006,0.7598,0.0072,0.0033,0.0561,0.0279,0.0008,0,0,0,0.004,0.0029,0,0,0,0
site_73,25.6,3431,4.3,-28.33,0.0128,0.0034,0.0056,0.003,0.0066,0.0011,0.0056,0.009,0.0118,0.0079,0.8772,0.0095,0.0054,0.0351,0.0035,0.0006,0,0,0,0.0018,0,0,0,0,0
site_74,25.6,3518,4.6,-28.42,0.0287,0.0069,0.0028,0.0013,0.0028,0.0005,0.0018,0.0037,0.0055,0.0028,0.8901,0.0062,0.0013,0.0345,0.0082,0.0029,0,0,0,0,0,0,0,0,0
site_75,25.6,3518,5.3,-29.38,0.0336,0.0033,0.0044,0.0103,0.0089,0.003,0.005,0.0143,0.0204,0.0185,0.8183,0.0109,0.006,0.0312,0.0063,0,0,0,0,0.0057,0,0,0,0,0
site_76,25.6,3518,4.5,-29.61,0.198,0.0079,0.0096,0.0082,0.0117,0.0025,0.0041,0.0186,0.0295,0.002,0.6213,0.0088,0.0031,0.0522,0.0161,0.0005,0.0002,0,0,0.0044,0.0014,0,0,0,0
site_77,25.6,3518,4.4,-28.93,0.0303,0.0057,0.0055,0.0008,0.0059,0.0003,0.0031,0.0029,0.0036,0.0009,0.9073,0.0054,0.0036,0.0167,0.0062,0,0,0,0,0.002,0,0,0,0,0
site_78,25.6,3518,4.1,-29.17,0.029,0,0.0122,0.0008,0.0016,0,0.0007,0.0003,0.0002,0.0001,0.9004,0.004,0.0054,0.0368,0.0043,0,0,0,0,0.0042,0,0,0,0,0
site_79,25.6,3381,4.1,-28.18,0.0121,0.0006,0.0017,0.0004,0.0016,0.0001,0.0008,0.0024,0.0033,0,0.8988,0.0204,0.005,0.0451,0.0042,0,0,0,0,0.0027,0.0011,0,0,0,0
site_80,25.6,3381,4.1,-29.83,0.1611,0.0071,0.0052,0.0035,0.0056,0.0004,0.0024,0.0097,0.0143,0.0006,0.7017,0.0091,0.0034,0.0602,0.0092,0.0006,0.0002,0.0003,0.0001,0.004,0.0012,0,0,0,0
site_81,25.6,3381,4.7,-29.19,0.0176,0.0003,0.0013,0.0003,0.0014,0,0.002,0.0109,0.0143,0.0005,0.8517,0.0194,0.0075,0.0616,0.0066,0.0013,0.0002,0,0,0.0032,0,0,0,0,0
site_82,25.6,3381,4.4,-27.97,0.0787,0.0059,0.0078,0.0016,0.0265,0.0022,0.0057,0.0301,0.0406,0.0022,0.7375,0.0075,0.0037,0.0343,0.0106,0,0,0,0,0.0033,0.0014,0.0004,0,0,0
site_83,25.6,3518,3.9,-27.99,0.052,0.0032,0.0166,0.0023,0.0232,0.0009,0.0095,0.0363,0.0453,0.004,0.7451,0.0095,0.0066,0.036,0.0065,0.0008,0,0.0004,0,0.0018,0,0,0,0,0
site_84,25.6,3518,4,-30.67,0.2314,0.0147,0.0136,0.0145,0.017,0.0022,0.0067,0.0204,0.0253,0.001,0.5739,0.0091,0.0057,0.0428,0.0159,0.0009,0.0003,0.0003,0,0.0028,0.0014,0.0002,0,0,0
site_85,25.4,1587,4.9,-29.08,0.0541,0.003,0.0007,0.0014,0.0006,0.0003,0.0012,0.0035,0.0053,0.0008,0.9023,0.0024,0.0015,0.0179,0.0033,0,0,0,0,0.0013,0.0003,0,0,0,0
site_86,25.4,1587,5,-28.68,0.0169,0.0029,0.0005,0.0004,0.0004,0.0003,0.0001,0.0059,0.008,0.0005,0.9207,0.0043,0.0031,0.0284,0.0053,0,0,0,0,0.0019,0.0003,0,0,0,0
site_87,21.5,1292,4.5,-26.44,0.023,0.0036,0.0012,0.0005,0.0023,0.0002,0.0012,0.0012,0.0015,0.0003,0.8961,0.0047,0.003,0.0414,0.0157,0,0,0,0,0.0027,0.0013,0,0,0,0
site_88,21.5,1292,4.2,-26.37,0.013,0.0021,0.0015,0.0002,0.001,0.0001,0.0004,0.0004,0.0004,0.0002,0.8982,0.0034,0.0025,0.0506,0.0212,0,0,0,0,0.003,0.0019,0,0,0,0
site_89,21.5,1292,4.5,-27.83,0.0074,0.0017,0.0014,0.0003,0.0015,0,0.0005,0.0006,0.0007,0.0001,0.9507,0.0053,0.0051,0.0189,0.0034,0,0,0,0,0.0016,0.0006,0,0,0,0
site_90,21.5,1292,4.5,-27.16,0.0093,0.0014,0.0008,0.0002,0.0009,0,0.0004,0.0006,0.0009,0.0001,0.9239,0.0062,0.0027,0.0377,0.0111,0,0,0,0,0.0026,0.0012,0,0,0,0
site_91,21.5,1292,4.5,-26.41,0.0091,0.0013,0.0005,0.0001,0.0004,0.0001,0.0002,0.0002,0.0003,0.0001,0.907,0.003,0.0009,0.0564,0.0167,0,0,0,0,0.0024,0.0012,0,0,0,0
site_92,21.8,1684,5,-26.81,0.0106,0.003,0.0012,0.0009,0.0027,0,0,0,0,0,0.9069,0.0077,0,0.0501,0.0168,0,0,0,0,0,0,0,0,0,0
site_93,21.8,1684,4.7,-26.63,0.047,0.0087,0.0024,0.0012,0.0018,0.0003,0.0009,0.0017,0.0023,0.001,0.849,0.0039,0.0014,0.0628,0.0116,0,0,0,0,0.0022,0.0015,0,0,0,0
site_94,21.8,1684,4.8,-26.45,0.0614,0.013,0.003,0.0016,0.0023,0.0002,0.0013,0,0,0,0.8389,0.0036,0,0.0482,0.0233,0,0,0,0,0.0028,0.0004,0,0,0,0
site_95,21.8,1684,5,-27,0.0471,0.008,0.005,0.0013,0.0041,0.0003,0.0018,0.0006,0.0008,0.0003,0.8258,0.0063,0,0.0587,0.0343,0,0,0,0,0.0024,0.003,0,0,0,0
site_96,21.8,1684,5.2,-27.83,0.0461,0.008,0.0017,0.0011,0.0018,0.0002,0.0008,0.0013,0.0018,0.0005,0.849,0.0043,0,0.0553,0.0279,0,0,0,0,0,0,0,0,0,0
site_97,26,1818,6.4,-25.87,0.0661,0.017,0.0021,0.0016,0.0023,0.0003,0.0011,0.0101,0.0164,0.0028,0.6494,0.0979,0.028,0.0232,0.059,0.0031,0.0092,0,0,0.0055,0.0049,0,0,0,0
site_98,26,1818,7.5,-28.18,0.0637,0.0193,0.0124,0.0099,0.019,0.004,0.0079,0.0544,0.0893,0.0102,0.327,0.1255,0.0268,0.0215,0.1427,0.0061,0.0327,0,0,0.0051,0.0224,0,0,0,0
site_99,26,1818,6.7,-27.73,0.0614,0.016,0.003,0.003,0.0051,0.0013,0.0033,0.0215,0.0341,0.0036,0.5427,0.1281,0.033,0.0254,0.0822,0.0039,0.0225,0,0,0.0039,0.0058,0,0,0,0
site_100,26,1818,6.5,-28.21,0.0814,0.0174,0.0036,0.0029,0.0033,0.0009,0.0014,0.0158,0.0243,0.0017,0.4899,0.1785,0.0454,0.021,0.0748,0.0032,0.0245,0,0,0.0039,0.006,0,0,0,0
site_101,26,1818,6.3,-27.68,0.0613,0.0072,0.0039,0.0023,0.0025,0,0,0.0031,0.0048,0.0014,0.6979,0.1108,0.0245,0.0161,0.0446,0.0032,0.0065,0,0,0.0036,0.0062,0,0,0,0
site_102,25.8,1680,5.1,-29.12,0.0853,0.0189,0.0102,0.0064,0.0151,0.0013,0.0097,0.0575,0.0854,0.0074,0.6708,0.0055,0.0019,0.0174,0.0054,0,0,0,0,0.0018,0,0,0,0,0
site_103,25.8,1680,5.1,-28.36,0.1256,0.0379,0.0037,0.0054,0.0058,0.0009,0.0023,0.0109,0.0138,0.0029,0.7511,0.0066,0,0.0234,0.0097,0,0,0,0,0,0,0,0,0,0
site_104,25.8,1680,5.2,-28.5,0.1141,0.0497,0.0053,0.0033,0.0043,0.0006,0.0014,0.0097,0.0134,0.002,0.7386,0.0167,0.0043,0.0253,0.0113,0,0,0,0,0,0,0,0,0,0
site_105,25.8,1680,4.8,-28.73,0.0644,0.0209,0.0029,0.0024,0.0029,0.0005,0.0015,0.0039,0.0056,0.0009,0.8441,0.0104,0.0015,0.0243,0.0108,0,0,0,0,0.0017,0.0011,0,0,0,0
site_106,25.4,1564,7,-27.71,0.1517,0.0383,0.0045,0.0044,0.0071,0.0006,0.0034,0.0128,0.0235,0.0028,0.693,0.0093,0.0066,0.0222,0.0129,0,0,0,0,0.0045,0.0023,0,0,0,0
site_107,25.4,1564,6.5,-27.66,0.0509,0.0177,0.0018,0.0032,0.0053,0.0012,0.0021,0.0153,0.0323,0.0031,0.8051,0.0091,0.0055,0.0188,0.0179,0,0,0,0,0.0095,0.0013,0,0,0,0
site_108,25.4,1564,6.4,-27.61,0.0876,0.0267,0.0047,0.0041,0.008,0.0012,0.0031,0.0152,0.0252,0.0038,0.7701,0.0083,0,0.018,0.0152,0,0,0,0,0.0056,0.0031,0,0,0,0
site_109,25.4,1564,6.9,-26.83,0.1014,0.0519,0.0035,0.0028,0.0052,0.0007,0.0018,0.0093,0.0124,0.0017,0.7505,0.0155,0.0015,0.0179,0.0147,0,0,0,0,0.0078,0.0013,0,0,0,0
site_110,25.4,1564,6.8,-26.95,0.1804,0.0265,0.0022,0.0033,0.0036,0.0004,0.0014,0.0059,0.0069,0.0012,0.7335,0.0091,0.003,0.0143,0.0083,0,0,0,0,0,0,0,0,0,0
site_111,25.1,1727,5.7,-27.12,0.0763,0.0304,0.0029,0.0022,0.0038,0,0,0.0052,0.008,0.0014,0.7913,0.0068,0,0.0544,0.0107,0,0,0,0,0.0051,0.0017,0,0,0,0
site_112,25.1,1727,6,-26.92,0.0898,0.0381,0.0029,0.0023,0.0049,0.0007,0.0022,0.0098,0.0151,0.0019,0.7639,0.0067,0,0.0375,0.0147,0,0,0,0,0.0059,0.0036,0,0,0,0
site_113,25.1,1727,6.3,-27.23,0.0354,0.0102,0.0022,0.0008,0.0028,0.0004,0.0016,0.0045,0.0066,0.0011,0.8581,0.0043,0,0.0435,0.023,0,0,0,0,0.0056,0,0,0,0,0
site_114,25.1,1727,6.4,-27.25,0.0926,0.0218,0.0029,0.0019,0.0031,0.0009,0.0019,0.0077,0.011,0.0021,0.7807,0.0061,0,0.0359,0.0224,0,0,0,0,0.0067,0.0022,0,0,0,0
site_115,25.1,1727,5.9,-27.23,0.0708,0.0382,0.0025,0.0006,0.0013,0.0004,0.0013,0.0039,0.0047,0.0005,0.7612,0.0099,0.0015,0.0702,0.0258,0,0,0,0,0.0059,0.0016,0,0,0,0
site_116,21.3,1481,4.1,-26.61,0.0489,0.01,0.0013,0.0002,0.0006,0.0014,0.0014,0.0006,0.0007,0.0002,0.8649,0.0026,0.001,0.0384,0.0252,0,0,0,0,0.0017,0.0011,0,0,0,0
site_117,21.3,1481,4.1,-22.42,0.0949,0.0234,0.0134,0.0029,0.0108,0,0.0021,0.0014,0.0015,0,0.8056,0.0035,0.0022,0.0251,0.0133,0,0,0,0,0,0,0,0,0,0
site_118,21.3,1481,4.2,-21.64,0.1706,0.0421,0.0045,0.0033,0.0036,0.0004,0.0015,0.0054,0.0084,0.0009,0.7136,0.0013,0,0.0281,0.0145,0,0,0,0,0.0008,0.001,0,0,0,0
site_119,21.3,1481,4.1,-24.01,0.0646,0.0291,0.0065,0.003,0.0073,0.0008,0.0016,0.0023,0.0029,0.0004,0.82,0.003,0,0.0418,0.0139,0,0,0,0,0.0012,0.0018,0,0,0,0
site_120,21.3,1481,5.3,-22.54,0.2029,0.0622,0.0071,0.0036,0.0043,0.0007,0.0015,0.0092,0.0155,0.0018,0.6168,0.0019,0,0.0444,0.0246,0,0,0,0,0.0025,0.0009,0,0,0,0
site_121,21.7,1772,4.4,-22.53,0.0607,0.0135,0.0037,0.0014,0.0032,0.0004,0.0015,0.004,0.0055,0.002,0.7927,0.0031,0.0013,0.0621,0.0402,0,0,0,0,0.0033,0.0013,0,0,0,0
site_122,21.7,1772,4.3,-23.29,0.0396,0.0124,0.0051,0.0014,0.0051,0.0006,0.0027,0.0049,0.007,0.0017,0.7765,0.0037,0,0.0944,0.0389,0.0045,0.0016,0,0,0,0,0,0,0,0
site_123,21.7,1772,4.4,-19.48,0.0298,0.004,0.007,0.0017,0.0084,0.001,0.0049,0.0067,0.0099,0.0022,0.7983,0.0038,0,0.0666,0.0506,0,0,0,0,0.004,0.001,0,0,0,0
site_124,21.7,1772,4.7,-20.31,0.0328,0.006,0.008,0.0017,0.009,0.0008,0.0041,0.0104,0.0142,0.002,0.7918,0.0041,0.0019,0.0834,0.0247,0.0037,0.0015,0,0,0,0,0,0,0,0
site_125,21.7,1772,4.7,-21.9,0.0676,0.0133,0.0158,0.0018,0.0098,0.0008,0.0047,0.0035,0.0052,0.0015,0.7695,0.0043,0.002,0.0634,0.0326,0,0,0,0,0.003,0.0012,0,0,0,0
site_126,24,1445,5.3,-27.77,0.1712,0.0592,0.0042,0.006,0.0029,0.0003,0.0009,0.0037,0.005,0.0011,0.672,0.0042,0.0013,0.0411,0.0172,0,0,0,0,0.0071,0.0024,0,0,0,0
site_127,24,1445,6.4,-21.47,0.0127,0.0024,0.0024,0.0037,0.0051,0.0009,0.004,0.0156,0.0268,0.0101,0.8715,0.0022,0.0012,0.0161,0.0224,0,0,0,0,0.0019,0.0012,0,0,0,0
site_128,24,1445,5.6,-19.98,0.0885,0.0253,0.0054,0.0065,0.009,0.0015,0.0042,0.028,0.0414,0.0102,0.7143,0.0034,0.0016,0.0344,0.0227,0,0,0,0,0.0028,0.0009,0,0,0,0
site_129,24,1445,5.3,-22.25,0.0317,0.0089,0.0026,0.0011,0.0036,0.0008,0.0022,0.0075,0.0101,0.0025,0.8805,0.0053,0,0.029,0.0142,0,0,0,0,0,0,0,0,0,0
site_130,24,1445,5.3,-24.67,0.0531,0.0042,0.0099,0.0041,0.0127,0.0015,0.0077,0.0292,0.0439,0.0118,0.7877,0.0044,0.0028,0.0184,0.0086,0,0,0,0,0,0,0,0,0,0
site_131,24.6,1462,4.9,-25.82,0.1398,0.0369,0.0036,0.0044,0.0028,0.0005,0.0009,0.0022,0.0032,0.0003,0.7717,0.0068,0,0.0147,0.0121,0,0,0,0,0,0,0,0,0,0
site_132,24.6,1462,5,-25.69,0.1236,0.0346,0.0024,0.0032,0.0021,0.0002,0.0013,0.0038,0.0053,0.0004,0.7824,0.006,0,0.0206,0.0116,0,0,0,0,0.002,0.0005,0,0,0,0
site_133,24.6,1462,4.7,-24.58,0.1795,0.0493,0.0054,0.0068,0.003,0.0002,0.0016,0.0018,0.0022,0,0.718,0.0042,0.0037,0.0188,0.0053,0,0,0,0,0,0,0,0,0,0
site_134,24.6,1462,4.8,-26.29,0.1665,0.0565,0.0025,0.0036,0.0025,0.0011,0.0019,0.0088,0.0134,0.0033,0.6875,0.0033,0,0.0317,0.0087,0,0,0,0,0.0069,0.0018,0,0,0,0
site_135,24.6,1462,5.1,-27.45,0.0156,0.0042,0.0006,0.0011,0.0025,0.0003,0.0017,0.0029,0.0041,0.0008,0.9138,0.0145,0.0031,0.0218,0.0095,0,0,0,0,0.0022,0.0012,0,0,0,0
site_136,25,1368,4.9,-22.56,0.1736,0.0421,0.0126,0.0045,0.0174,0.0015,0.0119,0.0088,0.0115,0.0024,0.6863,0.0034,0.0034,0.0166,0.0044,0,0,0,0,0,0,0,0,0,0
site_137,25,1368,4.8,-28.13,0.1436,0.0384,0.0066,0.0049,0.009,0.0008,0.0054,0.0021,0.0034,0.0007,0.7458,0.0035,0,0.0223,0.0106,0,0,0,0,0.0019,0.0009,0,0,0,0
site_138,25,1368,4.8,-26.16,0.1433,0.0427,0.0128,0.0047,0.0096,0.0008,0.0076,0.0041,0.0046,0.0006,0.7376,0.0032,0,0.0212,0.007,0,0,0,0,0,0,0,0,0,0
site_139,25,1368,4.9,-25.57,0.2016,0.0437,0.0144,0.0066,0.0137,0.0022,0.0098,0.0109,0.0166,0.003,0.651,0.0015,0,0.0195,0.0054,0,0,0,0,0,0,0,0,0,0
site_140,25,1368,4.7,-25.89,0.0289,0.0041,0.0192,0.0081,0.0179,0.0015,0.0118,0.0029,0.0031,0,0.8634,0.0044,0,0.0271,0.0078,0,0,0,0,0,0,0,0,0,0
site_141,21.3,1724,4,-23.03,0.2287,0.0801,0.0097,0.0159,0.0058,0.0011,0.0041,0.0121,0.0183,0.0028,0.5912,0.0004,0,0.0225,0.0071,0,0,0,0,0,0,0,0,0,0
site_142,21.3,1724,4.6,-21.81,0.0564,0.0103,0.0142,0.0012,0.0114,0.0012,0.0153,0.0064,0.0081,0.0022,0.8363,0.0037,0.0043,0.0215,0.0035,0,0,0,0,0.0027,0.0012,0,0,0,0
site_143,21.3,1724,4.7,-23.47,0.0472,0.0092,0.0109,0.002,0.0102,0.001,0.0096,0.0054,0.0061,0.0017,0.865,0.002,0.0022,0.019,0.006,0,0,0,0,0.0018,0.0006,0,0,0,0
site_144,21.3,1724,5,-24.97,0.0512,0.0091,0.0158,0.0018,0.0172,0.0019,0.0241,0.0113,0.0156,0.0037,0.8091,0.0026,0.0038,0.02,0.0038,0,0,0,0,0.007,0.0022,0,0,0,0
site_145,21.3,1724,5,-21.47,0.0404,0.006,0.0121,0.0035,0.0135,0.0015,0.0146,0.0124,0.015,0.0037,0.8214,0.0021,0,0.035,0.0107,0,0,0,0,0.0062,0.0019,0,0,0,0
site_146,25.7,1731,5.2,-27.89,0.0809,0.0113,0.0045,0.0015,0.0047,0.0005,0.0022,0.0031,0.0042,0.001,0.8529,0.0012,0,0.0231,0.0073,0,0,0,0,0.0016,0,0,0,0,0
site_147,25.7,1731,5.1,-27.05,0.1206,0.018,0.0076,0.0043,0.0088,0.0016,0.0046,0.0178,0.0235,0.0028,0.7506,0,0,0.0257,0.0079,0,0,0,0,0.0062,0,0,0,0,0
site_148,25.7,1731,5.1,-28.34,0.1547,0.0311,0.0048,0.0035,0.0063,0.0016,0.0027,0.0128,0.0192,0.0022,0.7179,0,0,0.0334,0.0072,0,0,0,0,0.0025,0,0,0,0,0
site_149,25.7,1731,5.3,-27.09,0.0562,0.0169,0.0109,0.0043,0.0105,0.0015,0.0056,0.01,0.0145,0.0017,0.8393,0.0026,0,0.0207,0.0052,0,0,0,0,0,0,0,0,0,0
site_150,25.7,1731,5.4,-26.85,0.1502,0.017,0.0068,0.0058,0.0092,0.0013,0.0049,0.012,0.0165,0.0031,0.7412,0.0016,0,0.0206,0.0083,0,0,0,0,0.0015,0,0,0,0,0
site_151,21.2,1691,4.8,-25.14,0.1123,0.0242,0.0051,0.0031,0.0044,0.0005,0.0022,0.0053,0.0068,0.0009,0.7976,0.002,0,0.0243,0.0086,0,0,0,0,0.0022,0.0004,0,0,0,0
site_152,21.2,1691,4.7,-23.59,0.2008,0.0329,0.0058,0.0041,0.0044,0.0002,0.003,0.0111,0.0143,0.0044,0.6605,0,0,0.0419,0.0165,0,0,0,0,0,0,0,0,0,0
site_153,21.9,1659,4.6,-16.68,0.1225,0.0047,0.1197,0.0081,0.159,0.0119,0.0815,0.0056,0.0019,0.0007,0.4582,0.0105,0.0066,0.0048,0.0043,0,0,0,0,0,0,0,0,0,0
site_154,21.9,1659,4.8,-22.11,0.1677,0.0319,0.0125,0.0072,0.0149,0.0011,0.0072,0.0133,0.0193,0.0042,0.6673,0.0023,0.0014,0.03,0.0126,0,0,0,0,0.0052,0.002,0,0,0,0
site_155,21.9,1659,4.4,-17.89,0.1095,0.0075,0.0752,0.0062,0.0638,0.0025,0.0464,0.0055,0.0029,0.0005,0.6551,0,0,0.013,0.0054,0,0,0,0,0.0047,0.0017,0,0,0,0
site_156,21.9,1659,4.4,-21.83,0.0765,0.0211,0.0033,0.0035,0.0015,0.0006,0.0015,0.001,0.001,0.0003,0.8279,0.0032,0,0.0328,0.0223,0,0,0,0,0.0028,0.0008,0,0,0,0
site_157,21.9,1659,4.8,-17.77,0.1013,0.0198,0.0047,0.0066,0.0053,0.0013,0.0025,0.0094,0.0128,0.0041,0.7977,0.0013,0,0,0.0201,0.0133,0,0,0,0,0,0,0,0,0
site_158,22.5,1275,4.7,-19.31,0.1351,0.0427,0.012,0.0038,0.0106,0.0006,0.0052,0.001,0.0006,0.0002,0.733,0.006,0,0.028,0.0176,0,0,0,0,0.0029,0.0006,0,0,0,0
site_159,22.5,1275,4.5,-17.65,0.0116,0.0001,0.0066,0.0072,0.0066,0.0005,0.0027,0.0025,0.0033,0.0004,0.8858,0.0049,0,0.044,0.0192,0,0,0,0,0.0028,0.0019,0,0,0,0
site_160,22.5,1275,4.6,-14.55,0.1382,0.0388,0.0035,0.0061,0.0033,0,0.0014,0,0,0,0.7525,0,0,0.0371,0.0154,0,0,0,0,0.003,0.0008,0,0,0,0
site_161,22.5,1275,4.7,-15.94,0.189,0.0691,0.0092,0.0078,0.0078,0.0006,0.0045,0,0,0,0.6713,0.0048,0,0.026,0.0099,0,0,0,0,0,0,0,0,0,0
site_162,22.5,1275,4.6,-15.23,0.0782,0.0172,0.02,0.0038,0.0162,0.0009,0.0094,0.0034,0.0036,0.0006,0.796,0.0052,0,0.0311,0.0145,0,0,0,0,0,0,0,0,0,0
site_163,20.7,1895,4.9,-19.28,0.1454,0.0278,0.0059,0.0034,0.0056,0.0004,0.0021,0.0033,0.0044,0.0003,0.7386,0,0,0.0436,0.0191,0,0,0,0,0,0,0,0,0,0
site_164,20.7,1895,4.9,-19,0.1054,0.0163,0.0045,0.003,0.0063,0.0006,0.0023,0.0069,0.0087,0.0012,0.8024,0.0019,0.0018,0.0228,0.0134,0,0,0,0,0.0012,0.0012,0,0,0,0
site_165,20.7,1895,4.9,-21.37,0.1325,0.0259,0.0073,0.0012,0.0049,0.0003,0.002,0.0072,0.0095,0.0002,0.7568,0.0021,0,0.0374,0.0128,0,0,0,0,0,0,0,0,0,0
site_166,20.7,1895,5,-19.03,0.1893,0.0359,0.0067,0.0049,0.0089,0.0009,0.0021,0.0135,0.0211,0.0041,0.6609,0.001,0,0.0362,0.0145,0,0,0,0,0,0,0,0,0,0
site_167,20.7,1895,5.5,-18.36,0.2877,0.0456,0.0076,0.0053,0.0103,0.0011,0.0032,0.0113,0.0176,0.0026,0.5634,0.0023,0,0.028,0.0139,0,0,0,0,0,0,0,0,0,0
site_168,24.7,1426,5,-25.49,0.1517,0.0581,0.0068,0.0099,0.0043,0.0004,0.0016,0.0042,0.0071,0.0008,0.7326,0.001,0,0.0171,0.0044,0,0,0,0,0,0,0,0,0,0
site_169,24.7,1426,5.2,-24.74,0.2022,0.0861,0.0075,0.0082,0.011,0.0018,0.0062,0.0275,0.0379,0.0076,0.5781,0.0026,0,0.0164,0.005,0,0,0,0,0.0014,0.0005,0,0,0,0
site_170,24.7,1426,5.2,-25.21,0.1529,0.0487,0.011,0.0064,0.0079,0.0008,0.0046,0.006,0.0081,0.001,0.7281,0.0023,0,0.0166,0.0041,0,0,0,0,0.0008,0.0006,0,0,0,0
site_171,24.7,1426,5.6,-22.04,0.1504,0.0654,0.0115,0.0104,0.0189,0.0019,0.0082,0.0328,0.0432,0.0065,0.6294,0.0032,0,0.0108,0.0074,0,0,0,0,0,0,0,0,0,0
site_172,24.7,1426,5.4,-23.5,0.1737,0.0518,0.0082,0.0095,0.0071,0.0007,0.0039,0.0113,0.0166,0.0017,0.6897,0.0016,0,0.0181,0.0046,0,0,0,0,0.0012,0.0003,0,0,0,0
site_173,21.6,1032,5.3,-17.99,0.037,0.0192,0.0064,0.0041,0.0045,0.0002,0.0015,0.0073,0.0111,0.0015,0.8308,0.0138,0.0059,0.0276,0.0196,0.0023,0.0028,0,0,0.0019,0.0024,0,0,0,0
site_174,21.6,1032,5.3,-16.05,0.0598,0.0126,0.0035,0.0042,0.0063,0.0003,0.0033,0.0041,0.0044,0.0004,0.8632,0.0059,0.0037,0.0202,0.0081,0,0,0,0,0,0,0,0,0,0
site_175,21.6,1032,5.2,-19.07,0.1111,0.0271,0.0087,0.0038,0.0021,0.0003,0.0005,0.0025,0.0034,0.0005,0.8056,0.0025,0.0016,0.0209,0.0095,0,0,0,0,0,0,0,0,0,0
site_176,21.6,1032,5.6,-17.19,0.0519,0.0113,0.0153,0.0022,0.0107,0.0008,0.0065,0.0152,0.0262,0.0023,0.81,0.0096,0.0043,0.0186,0.0116,0.0015,0.002,0,0,0,0,0,0,0,0
site_177,21.6,1032,5,-18.92,0.0742,0.0209,0.0073,0.0048,0.0042,0.0002,0.002,0.0015,0.0019,0.0004,0.8473,0.0038,0.0034,0.0152,0.0112,0,0,0,0,0.0009,0.0008,0,0,0,0
site_178,25.2,1295,5.3,-21.95,0.1773,0.0621,0.0155,0.0036,0.0198,0.0009,0.0103,0.0098,0.0133,0.0027,0.6676,0,0,0.0171,0,0,0,0,0,0,0,0,0,0,0
site_179,25.2,1295,5.3,-20.34,0.2614,0.0587,0.0078,0.0039,0.0096,0.0011,0.0044,0.011,0.0148,0.0028,0.6095,0,0,0.0106,0.0043,0,0,0,0,0,0,0,0,0,0
site_180,25.2,1295,5,-21.74,0.2032,0.063,0.0046,0.0064,0.0047,0.0012,0.0025,0.0113,0.0184,0.0022,0.6606,0,0,0.0196,0.0025,0,0,0,0,0,0,0,0,0,0
site_181,25.2,1295,5.6,-17.48,0.103,0.0373,0.0128,0.0128,0.022,0.0046,0.0159,0.066,0.1014,0.0319,0.5861,0.0061,0,0,0,0,0,0,0,0,0,0,0,0,0
site_182,25.2,1295,5.1,-19.83,0.2691,0.1052,0.0073,0.0081,0.0097,0.0021,0.0044,0.0297,0.048,0.0081,0.4969,0,0,0.0077,0.0036,0,0,0,0,0,0,0,0,0,0
site_183,21.3,1382,4.8,-17.11,0.038,0.0091,0.0024,0.001,0.0012,0,0.0005,0.0007,0.0013,0.0002,0.9063,0.0031,0.0008,0.0284,0.0047,0,0,0,0,0.0019,0.0007,0,0,0,0
site_184,21.3,1382,4.1,-17.14,0.0668,0.0238,0.0035,0.0026,0.0022,0.0003,0.0015,0.0064,0.0064,0.0005,0.8307,0.0028,0.0005,0.0411,0.0098,0,0,0,0,0.0007,0.0006,0,0,0,0
site_185,21.3,1382,5.4,-16.35,0.0205,0.0053,0.0093,0.0008,0.012,0.0009,0.0062,0.0035,0.0047,0.0006,0.8946,0.0021,0.0012,0.0275,0.0075,0,0,0,0,0.0011,0.0023,0,0,0,0
site_186,21.3,1382,4.7,-18.28,0.0822,0.0077,0.0098,0.0017,0.008,0.0007,0.0052,0.0077,0.0095,0.0025,0.8019,0.0039,0.0019,0.0324,0.0201,0,0,0,0,0.0027,0.0021,0,0,0,0
site_187,21.3,1382,5,-18.59,0.0489,0.012,0.0035,0.0012,0.002,0.0002,0.001,0.0006,0.0009,0.0003,0.8829,0.0038,0.0009,0.0325,0.0064,0.003,0,0,0,0,0,0,0,0,0
site_188,21.2,1691,5.9,-16.16,0.0664,0.02,0.0065,0.0014,0.0075,0.0004,0.0032,0.0056,0.0085,0.0012,0.8643,0,0,0.0098,0.0054,0,0,0,0,0,0,0,0,0,0
site_189,21.2,1691,5.4,-19.44,0.0356,0.03,0.0053,0.0037,0.0034,0.0008,0.0019,0.0204,0.0314,0.0007,0.82,0,0,0.0334,0.0117,0,0,0,0,0.0014,0.0006,0,0,0,0
site_190,21.2,1691,4.9,-19.2,0.2571,0.1873,0.011,0.0163,0.003,0.0003,0.0011,0.0057,0.0104,0.0013,0.4727,0,0,0.0227,0.0111,0,0,0,0,0,0,0,0,0,0
site_191,21.2,1691,5,-15.28,0.0562,0.0153,0.0092,0.0022,0.0059,0.0005,0.0029,0.0031,0.0045,0.0006,0.8849,0,0,0.0105,0.0041,0,0,0,0,0,0,0,0,0,0
site_192,21.2,1691,5.8,-16.02,0.0599,0.013,0.0102,0.0025,0.0094,0.0008,0.0055,0.0042,0.0065,0.0008,0.8682,0,0,0.014,0.0051,0,0,0,0,0,0,0,0,0,0
site_193,21.2,1691,5.3,-18.07,0.1383,0.0522,0.0108,0.0015,0.0131,0.0018,0.0125,0.0086,0.0101,0.0012,0.7173,0.0038,0.0028,0.0169,0.0069,0,0,0,0,0.0017,0.0004,0,0,0,0
site_194,25,1572,6,-17.12,0.1101,0.0332,0.0281,0.0057,0.0312,0.0022,0.0206,0.0169,0.0211,0.0042,0.7127,0,0,0.0084,0.0058,0,0,0,0,0,0,0,0,0,0
site_195,25,1572,5.4,-18.4,0.1136,0.0431,0.0124,0.0087,0.0166,0.0013,0.0066,0.0231,0.0348,0.008,0.7199,0,0,0.0095,0.0025,0,0,0,0,0,0,0,0,0,0
site_196,25,1572,5,-21.09,0.3435,0.1436,0.0104,0.0236,0.0023,0,0.003,0.001,0.0031,0,0.4559,0,0,0.0081,0.0054,0,0,0,0,0,0,0,0,0,0
site_197,25,1572,5.5,-20.09,0.2016,0.12,0.0149,0.0194,0.0069,0.0015,0.0049,0.014,0.0218,0.0039,0.5754,0,0,0.0105,0.0052,0,0,0,0,0,0,0,0,0,0
site_198,25,1572,6.1,-19.5,0.1181,0.0338,0.0085,0.007,0.0083,0.0008,0.0047,0.0113,0.0156,0.0041,0.7689,0,0,0.0138,0.0052,0,0,0,0,0,0,0,0,0,0
site_199,25.6,3518,4.6,-14.13,0.0384,0,0.0177,0,0.0132,0,0.0016,0.0021,0.0006,0,0.9264,0,0,0,0,0,0,0,0,0,0,0,0,0,0
site_200,25.6,3518,4.6,-15.01,0.0135,0.0054,0.0034,0.0022,0.0051,0,0,0,0,0,0.9534,0,0,0.0103,0.0068,0,0,0,0,0,0,0,0,0,0
site_201,25.6,3518,4.8,-14.7,0.0115,0,0.0068,0,0.0048,0.0012,0.0024,0,0,0,0.9635,0.0011,0.0012,0.005,0.0026,0,0,0,0,0,0,0,0,0,0
site_202,25.6,3518,4.7,-15.54,0.0268,0.0025,0.0012,0.0071,0.0025,0.0052,0,0,0,0,0.934,0.004,0.0099,0.005,0.0018,0,0,0,0,0,0,0,0,0,0
site_203,25.6,3518,4.5,-16.96,0.0241,0.004,0.0038,0.0015,0.0025,0.0009,0.0014,0,0,0,0.9502,0,0,0.0088,0.0028,0,0,0,0,0,0,0,0,0,0
site_204,25.6,3518,4.4,-15.9,0.0085,0.0025,0.0011,0.0004,0.0021,0.0009,0.0012,0,0,0,0.9705,0.0008,0.002,0.0063,0.0038,0,0,0,0,0,0,0,0,0,0
site_205,25.6,3518,4.8,-15.7,0.0088,0,0.0022,0,0.0025,0,0,0,0,0,0.9804,0,0,0.0047,0.0014,0,0,0,0,0,0,0,0,0,0
site_206,25.6,3518,4.3,-14.54,0.0132,0,0.0081,0,0.0056,0,0.0024,0,0,0,0.9655,0,0,0.0052,0,0,0,0,0,0,0,0,0,0,0
site_207,25.6,3518,4.7,-15.6,0.0122,0.0026,0.0065,0,0.0018,0,0,0,0,0,0.9622,0.0012,0.0044,0.0058,0.0033,0,0,0,0,0,0,0,0,0,0
site_208,25.6,3518,4.5,-14.79,0.0059,0.0015,0.0007,0.0004,0.0007,0,0,0,0.0004,0,0.9757,0.0053,0.0039,0.0055,0,0,0,0,0,0,0,0,0,0,0
site_209,25.6,3518,4.6,-18.85,0.0277,0.0062,0.006,0.0013,0.0046,0.0003,0.0024,0.0019,0.0018,0,0.9234,0.0058,0.0048,0.0101,0.0037,0,0,0,0,0,0,0,0,0,0
site_210,26.8,470,6.71,-24.93,0.0593,0.009,0.0071,0.0098,0.0083,0.0025,0.005,0.0533,0.0824,0.0151,0.5601,0.044,0.0045,0.0331,0.0911,0.0016,0.0039,0,0,0.0022,0.0079,0,0,0,0
site_211,26.8,470,6.55,-25.21,0.0301,0.0072,0.0071,0.0105,0.0098,0.0042,0.006,0.0653,0.0976,0.0103,0.5297,0.0694,0.0069,0.0278,0.0976,0.0025,0.0066,0,0,0.0045,0.0067,0,0,0,0
site_212,26.8,470,6.94,-23.55,0.0251,0.0043,0.0034,0.0037,0.004,0.0014,0.003,0.0437,0.0661,0.007,0.6298,0.0618,0.0065,0.0273,0.0957,0.001,0.0075,0,0,0.003,0.006,0,0,0,0
site_213,26.8,472,6.86,-25.31,0.0588,0.0075,0.0086,0.0083,0.0111,0.0041,0.007,0.0698,0.1215,0.0176,0.4568,0.069,0.0079,0.0389,0.0927,0.001,0.0102,0,0,0.0031,0.0061,0,0,0,0
site_214,26.8,470,6.67,-24.98,0.0225,0.0062,0.0044,0.0065,0.0052,0.0036,0.0038,0.0482,0.0835,0.0191,0.6197,0.0582,0.0073,0.0308,0.0692,0.0009,0.0041,0,0,0.0022,0.0046,0,0,0,0
site_215,26.9,458,5.71,-23.3,0.0091,0.0025,0.0012,0.0013,0.0013,0.0019,0,0.0153,0.0202,0.0057,0.8372,0.004,0.0025,0.0683,0.0262,0,0,0,0,0.0018,0.0014,0,0,0,0
site_216,26.9,458,6.35,-25.16,0.0321,0.0038,0.0017,0.002,0.0027,0.0009,0.0018,0.0227,0.0392,0.0058,0.8159,0.0128,0.0022,0.0253,0.0284,0,0,0,0,0.0014,0.0015,0,0,0,0
site_217,26.9,458,6.23,-24.3,0.0171,0.0011,0.0034,0.0052,0.005,0.0022,0.0023,0.0318,0.0553,0.0153,0.8165,0.0262,0,0.0126,0.0059,0,0,0,0,0,0,0,0,0,0
site_218,26.9,458,6.59,-25.51,0.051,0.008,0.0104,0.0124,0.0117,0.0066,0.0077,0.1217,0.1993,0.0468,0.1271,0.1701,0.0128,0.0667,0.1362,0,0,0,0,0.0046,0.0066,0,0,0,0
site_219,27.1,534,6.61,-20.15,0.0229,0.0024,0.0087,0,0.016,0.0068,0.0082,0.1357,0.2055,0.0644,0.2971,0.0796,0.0089,0.0223,0.1045,0.0171,0,0,0,0,0,0,0,0,0
site_220,27.1,534,6.68,-23.76,0.0036,0.0002,0.0005,0.0041,0.0018,0.0007,0.0006,0.0075,0.0127,0.0035,0.8765,0.0223,0.0061,0.0317,0.0212,0,0,0,0,0.0037,0.0031,0,0,0,0
site_221,27.1,534,7.02,-24.55,0.0657,0.0097,0.01,0.015,0.0181,0.0067,0.0091,0.0781,0.1152,0.0208,0.3633,0.0744,0.009,0.0447,0.124,0.0038,0.0108,0,0,0.0036,0.018,0,0,0,0
site_222,27.1,534,7.07,-24.97,0.1113,0.0203,0.0132,0.0227,0.0191,0.0073,0.0091,0.1045,0.1588,0.0311,0.4551,0.0109,0,0.0154,0.0149,0,0,0,0,0.0049,0.0014,0,0,0,0
site_223,26.1,444,6.3,-26.18,0.1659,0.072,0.0188,0.012,0.024,0.0072,0.0121,0.1386,0.1953,0.0192,0.3067,0,0,0.0136,0.0107,0,0,0,0,0.0028,0.001,0,0,0,0
site_224,26.1,444,6.3,-24.91,0.1414,0.0027,0.0119,0.0115,0.0193,0,0.0115,0.1053,0.1523,0.0134,0.4007,0.0244,0.0296,0.0285,0.0147,0.0062,0,0.0104,0,0.0048,0.0036,0.0022,0.002,0.0028,0.0009
site_225,26.1,444,6.63,-25.88,0.1701,0.0026,0.0036,0.0024,0.0118,0.0043,0.0093,0.0331,0.0366,0.0148,0.6568,0,0,0.0377,0.017,0,0,0,0,0,0,0,0,0,0
site_226,26.1,444,6.43,-25.67,0.1343,0.0483,0.016,0.0107,0.0269,0.0059,0.0112,0.1271,0.174,0.0122,0.3946,0.0015,0,0.0278,0.0096,0,0,0,0,0,0,0,0,0,0
site_227,26.1,444,6.92,-24.28,0.0792,0.0217,0.0063,0.0088,0.0171,0.0053,0.0084,0.1028,0.1405,0.0262,0.5072,0.0034,0,0.0472,0.0223,0,0,0,0,0.002,0.0015,0,0,0,0
site_228,26.5,671,4.68,-27.2,0.1635,0.0489,0.0276,0.0101,0.0429,0.0039,0.0301,0.1225,0.1437,0.0643,0.2977,0.0049,0.0019,0.015,0.0048,0.0035,0.0035,0.0038,0,0.0071,0,0,0,0,0
site_229,25.8,1189,5.1,-28.25,0.0806,0.0168,0.0084,0.0131,0.0159,0.0044,0.0078,0.0539,0.0762,0.0188,0.6747,0.0037,0.0027,0.0175,0.0042,0,0,0,0,0.0013,0,0,0,0,0
site_230,22.9,,4.5,,,,,,,,,,,,0.9224,0.0123,0,0.0481,0.0172,0,0,0,0,0,0,0,0,0,0
site_231,24.9,,6.2,,,,,,,,,,,,0.5895,0.2226,0.0711,0.0309,0.0426,0.0178,0.0153,0.0014,0.0011,0.0023,0.0054,0,0,0,0
site_232,24.9,,3.9,,,,,,,,,,,,0.9251,0.0174,0.0156,0.0352,0.0031,0,0,0,0,0.002,0,0,0.0006,0.001,0.001
site_233,21.2,,4,,,,,,,,,,,,0.9073,0.0025,0.0041,0.0618,0.0163,0,0,0,0,0.0028,0.0027,0.0018,0,0,0
site_234,25.6,,5.9,,,,,,,,,,,,0.8214,0.0809,0.0257,0.0231,0.0287,0.0027,0.0108,0.0002,0.0007,0.0013,0.0028,0.0007,0.0008,0,0
site_235,22.8,,5.1,,,,,,,,,,,,0.9378,0.0179,0.0093,0.0291,0.0059,0,0,0,0,0,0,0,0,0,0
site_236,20.8,,5.2,,,,,,,,,,,,0.9099,0.0054,0.0057,0.0578,0.0104,0,0,0,0,0.0038,0.0031,0,0,0,0.0037
site_237,21.7,,6.4,,,,,,,,,,,,0.5361,0.2381,0.0617,0.0455,0.0591,0.0208,0.0258,0,0,0.0065,0.0065,0,0,0,0
site_238,22.4,,4.6,,,,,,,,,,,,0.9336,0.0185,0.0053,0.0359,0.0067,0,0,0,0,0,0,0,0,0,0
site_239,24.7,,3.9,,,,,,,,,,,,0.8895,0.0161,0.0125,0.0657,0.0118,0,0,0,0,0.0043,0,0,0,0,0
site_240,13.8,,4.8,,,,,,,,,,,,0.8134,0.0308,0.0069,0.108,0.0252,0.0028,0.0019,0.0013,0,0.0044,0.0025,0,0.0027,0,0
site_241,26.2,,4.2,,,,,,,,,,,,0.9557,0.0112,0.0133,0.0158,0.0012,0.0008,0,0.0012,0,0.0008,0,0,0,0,0
site_242,26.2,,3.8,,,,,,,,,,,,0.972,0.0078,0.0068,0.0122,0.0009,0,0,0.0003,0,0,0,0,0,0,0
site_243,12.7,,6.6,,,,,,,,,,,,0.303,0.1301,0.0605,0.1292,0.1768,0.0327,0.0801,0.0181,0,0.0278,0.0417,0,0,0,0
site_244,26.2,,4.9,,,,,,,,,,,,0.8628,0.0556,0.0126,0.0431,0.0185,0.0018,0.0029,0,0,0.0015,0.0012,0,0,0,0
site_245,26.2,,4.6,,,,,,,,,,,,0.8952,0.038,0.0136,0.0295,0.0153,0.0019,0.0031,0.0014,0,0.0007,0.0012,0,0,0,0
site_246,23.7,,3.3,,,,,,,,,,,,0.8707,0.0137,0.0069,0.0896,0.0096,0,0,0,0,0.0095,0,0,0,0,0
site_247,24.1,,5.3,,,,,,,,,,,,0.9742,0.0068,0.0066,0.0066,0.0037,0,0,0,0,0,0,0,0,0,0.002
site_248,24.1,,4.7,,,,,,,,,,,,0.9779,0.0026,0.0068,0.0103,0.0024,0,0,0,0,0,0,0,0,0,0
site_249,25.8,,5.3,,,,,,,,,,,,0.9297,0.0302,0.0067,0.0198,0.0107,0,0.0008,0,0,0.0005,0.0008,0,0,0.0009,0.0009
site_250,26.3,,5.1,,,,,,,,,,,,0.9741,0.003,0.0032,0.0167,0.003,0,0,0,0,0,0,0,0,0,0
site_251,26,,5.9,,,,,,,,,,,,0.6753,0.1721,0.0399,0.0262,0.0537,0.0105,0.0141,0.001,0.001,0.0029,0.0034,0,0,0,0
site_252,24,,4.4,,,,,,,,,,,,0.9013,0.009,0.0142,0.0641,0.0081,0.0007,0.0004,0,0,0.0014,0.001,0,0,0,0
site_253,27,,6,,,,,,,,,,,,0.9449,0.0266,0.012,0.0073,0.0091,0,0,0,0,0,0,0,0,0,0
site_254,26.7,,4.4,,,,,,,,,,,,0.9761,0.0049,0.0086,0.0089,0.0006,0,0,0,0,0,0,0,0,0.0009,0.0009
site_255,26.8,,7.3,,,,,,,,,,,,0.3485,0.3676,0.0715,0.0257,0.0791,0.0318,0.0553,0.0034,0.0051,0.0042,0.0077,0,0,0,0
site_256,26.2,,4.5,,,,,,,,,,,,0.944,0.0101,0.0415,0.0036,0,0,0,0,0,0,0,0,0,0.0008,0.0008
site_257,25.5,,4.4,,,,,,,,,,,,0.934,0.0108,0.0054,0.0341,0.0065,0.0025,0.0006,0.0025,0,0.0015,0.0009,0,0.0013,0,0
site_258,26.2,,NA,,,,,,,,,,,,0.9155,0.029,0.0529,0.0024,0.0002,0,0,0,0,0,0,0,0,0,0
site_259,26.2,,NA,,,,,,,,,,,,0.9414,0.0258,0.0173,0.0109,0.001,0.0025,0,0.0011,0,0,0,0,0,0,0
site_260,26.2,,4,,,,,,,,,,,,0.91,0.0212,0.0188,0.0438,0,0.0043,0,0.0018,0,0,0,0,0,0.0001,0.0001
site_261,26.6,,5.2,,,,,,,,,,,,0.9664,0.0062,0.0138,0.0118,0.0018,0,0,0,0,0,0,0,0,0,0
site_262,24,,7.1,,,,,,,,,,,,0.3355,0.2738,0.0581,0.0387,0.1264,0.0249,0.0951,0.0028,0.0064,0.0135,0.0168,0.0063,0,0,0
site_263,24.2,,5.1,,,,,,,,,,,,0.8641,0.0457,0.0195,0.052,0.0094,0.0022,0.0022,0.0015,0,0.0018,0.0017,0,0,0,0
site_264,22.8,,6.5,,,,,,,,,,,,0.3688,0.1911,0.0194,0.1522,0.12,0.0482,0.046,0.0016,0.004,0.0181,0.0233,0.0062,0,0,0
site_265,21.5,,5,,,,,,,,,,,,0.9013,0.0102,0.0301,0.046,0.0076,0.0006,0.0008,0,0,0.0023,0.001,0,0,0,0
site_266,24.6,,3.9,,,,,,,,,,,,0.893,0.0155,0.0075,0.069,0.0085,0,0,0,0,0.0066,0,0,0,0,0
site_267,24.6,,4.1,,,,,,,,,,,,0.9471,0.0193,0.0108,0.0207,0.0021,0,0,0,0,0,0,0,0,0,0
site_268,25.22,,4.48,,,,,,,,,,,,0.4433,0.2626,0.0603,0.0955,0.0638,0.0332,0.0235,0.0026,0.002,0.0055,0.0051,0.0016,0.0009,0,0.0001
site_269,25.22,,4.98,,,,,,,,,,,,0.8857,0.018,0.0263,0.0476,0.0079,0.0041,0.0009,0.0051,0,0.0013,0.0004,0.0003,0.0005,0.0019,0
site_270,22.35,,6.54,,,,,,,,,,,,0.8428,0.0469,0.0162,0.0533,0.031,0.0018,0.0039,0.0008,0.0003,0.0012,0.0015,0,0.0001,0.0001,0
site_271,22.35,,6.63,,,,,,,,,,,,0.8286,0.0494,0.0154,0.0629,0.0289,0.0029,0.0039,0.0037,0.0003,0.0015,0.0017,0.0001,0.0002,0.0004,0
site_272,20.68,,4.96,,,,,,,,,,,,0.8948,0.0069,0.0016,0.0766,0.017,0.0002,0.0006,0,0,0.0016,0.0006,0,0,0,0
site_273,20.68,,5.46,,,,,,,,,,,,0.895,0.0068,0.0016,0.0771,0.016,0.0004,0.0007,0,0,0.0017,0.0007,0,0,0,0
site_274,19.32,,8.21,,,,,,,,,,,,0.2699,0.1771,0.034,0.1019,0.2596,0.0283,0.0705,0.0022,0.0053,0.0111,0.034,0.0019,0.0042,0,0
site_275,19.32,,7.73,,,,,,,,,,,,0.3146,0.1786,0.0369,0.0665,0.2616,0.025,0.0713,0.0027,0.0051,0.0081,0.0236,0.0017,0.0043,0,0
site_276,16.63,,6.13,,,,,,,,,,,,0.7049,0.0471,0.0145,0.1022,0.0999,0.0061,0.0106,0.0008,0.0003,0.0052,0.0079,0.0001,0.0005,0,0
site_277,16.63,,6.3,,,,,,,,,,,,0.7026,0.0399,0.0123,0.1165,0.1037,0.0047,0.0084,0.0005,0.0002,0.0043,0.0066,0,0.0004,0,0
site_278,13.04,,6.25,,,,,,,,,,,,0.4515,0.0427,0.0092,0.343,0.1129,0.0104,0.0065,0.0015,0.0003,0.0148,0.0065,0.0003,0.0004,0.0002,0
site_279,13.04,,6.1,,,,,,,,,,,,0.5047,0.0368,0.0107,0.3443,0.0597,0.0092,0.003,0.0044,0,0.0141,0.0073,0.0008,0.0013,0.0037,0
site_280,12.1,,5.56,,,,,,,,,,,,0.4979,0.0226,0.0031,0.3956,0.0396,0.0058,0.0009,0.0019,0,0.0173,0.0058,0.0014,0.0019,0.0064,0
site_281,12.1,,5.66,,,,,,,,,,,,0.625,0.0333,0.0064,0.2729,0.0235,0.0073,0.0011,0.0028,0,0.0111,0.0068,0.0021,0.0018,0.006,0
site_282,8.43,,4.6,,,,,,,,,,,,0.3047,0.0041,0.0033,0.6,0,0.0029,0.0004,0.001,0,0.0825,0,0.0004,0.0002,0.0005,0
site_283,8.43,,5,,,,,,,,,,,,0.3636,0.0123,0.0118,0.5361,0,0.0049,0.001,0.0025,0,0.0617,0,0.0012,0.0012,0.0037,0
site_284,27.81,,7.27,,,,,,,,,,,,0.545,0.2651,0.0421,0.0269,0.0777,0.0086,0.0263,0.0007,0.0026,0.0013,0.0031,0.0001,0.0004,0,0
site_285,27.81,,7.57,,,,,,,,,,,,0.5661,0.2656,0.0485,0.0412,0.0412,0.0108,0.0198,0.001,0.0018,0.001,0.0026,0.0001,0.0004,0,0
site_286,27.81,,7.4,,,,,,,,,,,,0.6465,0.2128,0.0494,0.0156,0.0435,0.0089,0.0192,0,0,0.0013,0.0027,0,0,0,0
site_287,21.64,,5.6,,,,,,,,,,,,0.7913,0.0725,0.0243,0.0722,0.0285,0.0051,0.002,0.0019,0,0.0012,0.001,0,0,0,0
site_288,21.64,,5.72,,,,,,,,,,,,0.7753,0.0762,0.0237,0.0857,0.027,0.0054,0.0023,0.0022,0,0.0015,0.0008,0,0,0,0
site_289,21.64,,5.83,,,,,,,,,,,,0.6134,0.1648,0.0169,0.1371,0.0357,0.0144,0.009,0.0034,0,0.0028,0.0016,0.0005,0.0001,0.0002,0
site_290,24.12,,6.2,,,,,,,,,,,,0.4991,0.2542,0.0671,0.0595,0.0441,0.034,0.0252,0.0026,0.002,0.0054,0.0042,0.0015,0.0009,0.0001,0.0001
site_291,24.12,,7.08,,,,,,,,,,,,0.4672,0.2365,0.0569,0.0918,0.077,0.0281,0.0236,0.0026,0.0023,0.0047,0.0071,0.0012,0.0007,0.0001,0.0001
site_292,22.83,,5.5,,,,,,,,,,,,0.8466,0.0597,0.0217,0.0482,0.0173,0.0025,0.0024,0,0,0.0007,0.0009,0,0,0,0
site_293,22.83,,5.9,,,,,,,,,,,,0.8523,0.0437,0.0356,0.0501,0.013,0.0017,0.0018,0,0,0.0009,0.0008,0,0,0,0
site_294,24.6,,7.43,,,,,,,,,,,,0.2683,0.3723,0.0803,0.081,0.0661,0.0373,0.0646,0.0051,0.0063,0.0091,0.0037,0.0028,0.0025,0.0003,0.0003
site_295,24.6,,7.57,,,,,,,,,,,,0.2835,0.3359,0.0805,0.072,0.0844,0.0362,0.0716,0.0044,0.0075,0.0086,0.0085,0.0025,0.0042,0,0
site_296,20.13,,5.54,,,,,,,,,,,,0.7132,0.0539,0.0163,0.1205,0.0791,0.0058,0.0052,0.0008,0,0.0021,0.0027,0.0001,0.0001,0.0002,0
site_297,20.13,,5.87,,,,,,,,,,,,0.8016,0.0307,0.017,0.0947,0.0304,0.007,0.0019,0.0086,0,0.0026,0.0016,0.0004,0.0008,0.0026,0
site_298,15.48,,5.59,,,,,,,,,,,,0.5796,0.0248,0.0058,0.3315,0.0422,0.0027,0.0009,0.0006,0,0.01,0.0017,0.0001,0.0001,0.0001,0
site_299,15.48,,5.07,,,,,,,,,,,,0.6103,0.0225,0.0055,0.3087,0.0379,0.0025,0.001,0.0006,0,0.0091,0.0015,0.0001,0.0001,0.0001,0
site_300,15.48,,5.21,,,,,,,,,,,,0.6039,0.022,0.0052,0.3115,0.037,0.0031,0.0011,0.0012,0,0.0098,0.0018,0.0004,0.0007,0.0023,0
site_301,14.11,,6.92,,,,,,,,,,,,0.4486,0.0677,0.0247,0.2423,0.0939,0.0407,0.0214,0.0226,0.0016,0.0166,0.0144,0.0017,0.0026,0.0009,0.0004
site_302,14.11,,6.91,,,,,,,,,,,,0.3436,0.1028,0.0271,0.2275,0.1461,0.0376,0.0518,0.009,0.0029,0.0205,0.0224,0.0022,0.0049,0.0007,0.0009
site_303,14.11,,6.39,,,,,,,,,,,,0.3297,0.0869,0.0237,0.3179,0.1478,0.0216,0.0313,0.0016,0.0015,0.0192,0.0159,0.0008,0.0022,0,0
site_304,19.2,,5.8,,,,,,,,,,,,0.7253,0.0565,0.019,0.0981,0.072,0.0068,0.0056,0.0007,0.0004,0.0085,0.0057,0.0006,0.0001,0.0003,0.0003
site_305,19.2,,5.7,,,,,,,,,,,,0.759,0.0448,0.0146,0.0928,0.0626,0.004,0.0047,0.0005,0.0007,0.0087,0.0048,0.0006,0.0005,0.0009,0.001
site_306,19.2,,5.3,,,,,,,,,,,,0.6594,0.0579,0.0124,0.1274,0.0932,0.0085,0.0155,0.001,0.0007,0.0108,0.0122,0.0006,0.0001,0.0002,0.0001
site_307,19.2,,5.7,,,,,,,,,,,,0.6995,0.0467,0.0141,0.109,0.1006,0.006,0.0044,0.0009,0.0004,0.009,0.0081,0.0005,0.0001,0.0004,0.0003
site_308,19.2,,5.6,,,,,,,,,,,,0.7552,0.0241,0.0057,0.118,0.0717,0.0027,0.0035,0.0005,0.0003,0.0092,0.0085,0.0002,0.0001,0.0002,0.0002
site_309,19.2,,5.6,,,,,,,,,,,,0.6965,0.0542,0.0135,0.1176,0.0822,0.007,0.0095,0.001,0.0007,0.0086,0.0082,0.0003,0.0002,0.0002,0.0002
site_310,16.9,,5.8,,,,,,,,,,,,0.7726,0.0421,0.0113,0.0749,0.074,0.0032,0.0032,0.0006,0.0004,0.0105,0.0042,0.0003,0.0003,0.0006,0.0017
site_311,16.9,,5.8,,,,,,,,,,,,0.8406,0.0283,0.0099,0.0589,0.0476,0.0014,0.001,0.001,0.0007,0.0065,0.0021,0.0008,0.0001,0.0004,0.0005
site_312,16.9,,5.8,,,,,,,,,,,,0.7125,0.0715,0.0163,0.0837,0.0777,0.0078,0.0123,0.0015,0.0006,0.0062,0.0084,0.0011,0.0001,0.0001,0.0002
site_313,27.26,,8.22,,,,,,,,,,,,0.4005,0.2167,0.0232,0.027,0.2185,0.008,0.078,0,0,0.0034,0.0249,0,0,0,0
site_314,27,,8.84,,,,,,,,,,,,0.4488,0.2434,0.0255,0.0213,0.1984,0.0051,0.0378,0,0.0028,0.0045,0.0125,0,0,0,0
site_315,26.58,,8.33,,,,,,,,,,,,0.3786,0.2303,0.0264,0.0641,0.1368,0.0341,0.0758,0.0024,0.0059,0.0118,0.0276,0.0018,0.0045,0,0
site_316,26.44,,8.19,,,,,,,,,,,,0.4344,0.1665,0.022,0.0526,0.1785,0.021,0.0736,0.0018,0.0062,0.0083,0.0312,0.0009,0.0032,0,0
site_317,24.48,,8.34,,,,,,,,,,,,0.4033,0.1969,0.0244,0.0306,0.2225,0.0142,0.0714,0,0.0045,0.0038,0.0257,0,0.0025,0,0
site_318,25.19,,7.96,,,,,,,,,,,,0.28,0.2166,0.0195,0.038,0.259,0.0139,0.1074,0.0014,0.0088,0.0058,0.0426,0.0009,0.0061,0,0
site_319,27.99,,7.71,,,,,,,,,,,,0.5066,0.2124,0.0327,0.046,0.1322,0.0131,0.0571,0,0,0,0,0,0,0,0
site_320,27.89,,8.21,,,,,,,,,,,,0.5701,0.192,0.042,0.045,0.0704,0.0113,0.0463,0.0013,0.0072,0.0036,0.0097,0,0.0012,0,0
site_321,27.89,,8.33,,,,,,,,,,,,0.5926,0.1488,0.0276,0.0488,0.108,0.0079,0.0425,0,0.0047,0.0053,0.0139,0,0,0,0
site_322,27.89,,8.36,,,,,,,,,,,,0.506,0.2462,0.0432,0.0278,0.0985,0.0098,0.0495,0,0.0043,0.0033,0.0114,0,0,0,0
site_323,27.89,,7.98,,,,,,,,,,,,0.49,0.1781,0.0306,0.0432,0.1544,0.0116,0.0676,0,0.0067,0,0.0178,0,0,0,0
site_324,25.49,,6.17,,,,,,,,,,,,0.7967,0.1299,0.0297,0.0253,0.0184,0,0,0,0,0,0,0,0,0,0
site_325,25.49,,6.42,,,,,,,,,,,,0.9207,0.0459,0,0.0129,0.0205,0,0,0,0,0,0,0,0,0,0
site_326,27.36,,6.75,,,,,,,,,,,,0.7536,0.1103,0.0283,0.0448,0.0329,0.0062,0.0085,0.0087,0,0.0033,0.0033,0,0,0,0
site_327,27.36,,8.19,,,,,,,,,,,,0.6472,0.1205,0.0194,0.0471,0.1057,0.0058,0.0328,0,0.0033,0.0049,0.0133,0,0,0,0
site_328,27.36,,7.8,,,,,,,,,,,,0.7394,0.0908,0.0164,0.0486,0.0662,0.006,0.0184,0,0.0014,0.0043,0.0086,0,0,0,0
site_329,27.28,,8.53,,,,,,,,,,,,0.5075,0.2004,0.039,0.0517,0.1212,0.0141,0.0428,0,0.0048,0.0042,0.0143,0,0,0,0
site_330,27.73,,7.25,,,,,,,,,,,,0.6741,0.1495,0.0353,0.038,0.0718,0,0.0312,0,0,0,0,0,0,0,0
site_331,25.43,,5.98,,,,,,,,,,,,0.9045,0.0466,0.0131,0.0138,0.0203,0,0.0018,0,0,0,0,0,0,0,0
site_332,27.71,,7.93,,,,,,,,,,,,0.5335,0.1757,0.0295,0.0433,0.1458,0.0105,0.0366,0.0012,0.0037,0.0037,0.0153,0,0.0011,0,0
site_333,27.73,,8.19,,,,,,,,,,,,0.4616,0.2092,0.0317,0.0422,0.1393,0.0116,0.0705,0.0017,0.0064,0.0049,0.0186,0,0.0023,0,0
site_334,27.88,,8.48,,,,,,,,,,,,0.4329,0.2854,0.0463,0.031,0.108,0.0102,0.0646,0,0.0057,0.0034,0.0124,0,0,0,0
site_335,27.69,,8.58,,,,,,,,,,,,0.4454,0.1717,0.0184,0.0435,0.2082,0.0095,0.0699,0,0.0037,0.0034,0.024,0,0.0023,0,0
site_336,27.88,,8.32,,,,,,,,,,,,0.5727,0.1872,0.0557,0,0.1237,0.009,0.0395,0,0,0,0.0122,0,0,0,0
site_337,27.88,,8.02,,,,,,,,,,,,0.5033,0.1947,0.0287,0.0465,0.1488,0.0098,0.0462,0,0,0.0058,0.0161,0,0,0,0
site_338,27.22,,8.42,,,,,,,,,,,,0.4552,0.2495,0.0331,0.0353,0.1095,0.0116,0.0792,0,0.0064,0.0046,0.0133,0,0.0022,0,0
site_339,27.22,,8.37,,,,,,,,,,,,0.432,0.2203,0.0309,0.0299,0.1643,0.0131,0.0762,0,0.0055,0.0042,0.0236,0,0,0,0
site_340,27.22,,8.35,,,,,,,,,,,,0.4202,0.2499,0.0376,0.031,0.1423,0.0174,0.0717,0,0.0066,0.0051,0.0183,0,0,0,0
site_341,27.71,,8.16,,,,,,,,,,,,0.559,0.1499,0.0205,0.0523,0.138,0.0103,0.045,0,0.004,0.0048,0.0163,0,0,0,0
site_342,27.76,,7.86,,,,,,,,,,,,0.608,0.2324,0.04,0.0203,0.0699,0.006,0.0151,0,0.0012,0.002,0.005,0,0,0,0
site_343,27.76,,8.35,,,,,,,,,,,,0.5408,0.2146,0.0333,0.0144,0.1321,0.0049,0.045,0,0.0031,0.0016,0.0101,0,0,0,0
site_344,27.29,,8.16,,,,,,,,,,,,0.5031,0.1883,0.023,0.0494,0.132,0.0136,0.059,0.001,0.0052,0.006,0.0177,0,0.0019,0,0
site_345,27.29,,NA,,,,,,,,,,,,0.4107,0.2085,0.0236,0.0502,0.1749,0.013,0.0766,0.0008,0.0064,0.0061,0.0257,0.0006,0.0026,0,0
site_346,27.51,,8.18,,,,,,,,,,,,0.1093,0.3286,0.0072,0.0092,0.3414,0.0034,0.1355,0.0003,0.0115,0.0012,0.0476,0,0.0048,0,0
site_347,27.33,,8.27,,,,,,,,,,,,0.4567,0.1987,0.0274,0.0235,0.1976,0.0059,0.0638,0,0.0044,0.0014,0.0184,0,0.002,0,0
site_348,27.35,,8.26,,,,,,,,,,,,0.3878,0.2903,0.0297,0.0421,0.1365,0.0093,0.0833,0,0.005,0.0031,0.013,0,0,0,0
site_349,27.26,,9.09,,,,,,,,,,,,0.4574,0.2258,0.0563,0.0319,0.1525,0.0146,0.0409,0,0,0,0.0206,0,0,0,0
site_350,27.3,,8.34,,,,,,,,,,,,0.1781,0.3409,0.0086,0.0112,0.2837,0.0028,0.1204,0,0.008,0.0008,0.041,0,0.0043,0,0
site_351,27.3,,8.21,,,,,,,,,,,,0.5179,0.1784,0.015,0.0283,0.1868,0.0044,0.0485,0,0.0025,0,0.0184,0,0,0,0
site_352,26.95,,8.36,,,,,,,,,,,,0.3341,0.2716,0.0152,0.0185,0.2563,0.0038,0.0681,0,0.0034,0.0021,0.027,0,0,0,0
site_353,27.29,,6.36,,,,,,,,,,,,0.8599,0.062,0.0096,0.0185,0.0384,0.0018,0.0054,0,0,0.0013,0.003,0,0,0,0
site_354,27.28,,7.88,,,,,,,,,,,,0.414,0.2103,0.0224,0.0424,0.1744,0.012,0.0801,0.0009,0.0066,0.0053,0.0278,0.0006,0.0026,0,0
site_355,27.35,,8.49,,,,,,,,,,,,0.4144,0.2749,0.0397,0.017,0.1807,0,0.0607,0,0,0,0.0126,0,0,0,0
site_356,27.35,,7.99,,,,,,,,,,,,0.4016,0.2182,0.0229,0.0313,0.1883,0.0084,0.1004,0,0.0052,0,0.0238,0,0,0,0
site_357,27.3,,8.29,,,,,,,,,,,,0.3855,0.1529,0.0177,0.0382,0.2747,0.0104,0.0797,0,0.0047,0.0029,0.0333,0,0,0,0
site_358,26.44,,8.23,,,,,,,,,,,,0.2087,0.2258,0.0066,0.0419,0.3079,0.0117,0.1154,0.0004,0.0062,0.008,0.0606,0.0009,0.006,0,0
site_359,21.24,,5.1,,,,,,,,,,,,0.8522,0.0401,0.006,0.0659,0.0228,0.0028,0.0037,0.0006,0.0003,0.0032,0.0024,0,0,0,0
site_360,21.24,,5.5,,,,,,,,,,,,0.8319,0.0503,0.0083,0.0602,0.0309,0.003,0.0071,0.0011,0.0004,0.0034,0.0033,0,0,0,0
site_361,21.24,,5.1,,,,,,,,,,,,0.8774,0.0222,0.004,0.0669,0.0191,0.0016,0.0028,0.0005,0.0002,0.0034,0.0019,0,0,0,0
site_362,22.9,,5.5,,,,,,,,,,,,0.9194,0.0041,0.0027,0.0327,0.0328,0.0013,0.0003,0.0014,0.0002,0.0018,0.0032,0,0,0,0
site_363,22.9,,5,,,,,,,,,,,,0.9066,0.0051,0.0025,0.0368,0.0394,0.0013,0.0005,0.0016,0.0003,0.0018,0.0041,0,0,0,0
site_364,22.9,,5,,,,,,,,,,,,0.9147,0.0041,0.0035,0.0336,0.0362,0.0012,0.0003,0.0012,0.0001,0.0017,0.0034,0,0,0,0
site_365,22.76,,5.3,,,,,,,,,,,,0.9145,0.0058,0.0032,0.0375,0.0328,0.001,0.0003,0.0006,0.0004,0.0016,0.0023,0,0,0,0
site_366,22.76,,5.5,,,,,,,,,,,,0.9121,0.0063,0.0032,0.0395,0.031,0.002,0.0007,0.0006,0.0002,0.0021,0.0024,0,0,0,0
site_367,22.76,,5.5,,,,,,,,,,,,0.8937,0.0068,0.0073,0.0441,0.0379,0.0017,0.0005,0.0016,0.0004,0.0024,0.0036,0,0,0,0
site_368,24.59,,6,,,,,,,,,,,,0.7697,0.1004,0.0159,0.0403,0.0539,0.0044,0.0082,0.0002,0.0004,0.0015,0.005,0,0,0,0
site_369,24.59,,6.2,,,,,,,,,,,,0.7694,0.0924,0.0133,0.0443,0.0597,0.0039,0.0089,0.0002,0.0003,0.0016,0.0053,0.0002,0.0004,0,0
site_370,24.59,,6.2,,,,,,,,,,,,0.7583,0.1022,0.0163,0.0459,0.0554,0.0041,0.0098,0.0003,0.0003,0.0016,0.0051,0.0001,0.0005,0,0
site_371,25.26,,6.4,,,,,,,,,,,,0.866,0.0618,0.0118,0.0285,0.0251,0.0012,0.002,0,0,0.0021,0.0016,0,0,0,0
site_372,25.26,,6.6,,,,,,,,,,,,0.8298,0.0821,0.0156,0.0348,0.0267,0.0019,0.0031,0,0,0.0034,0.0025,0,0,0,0
site_373,25.26,,6.3,,,,,,,,,,,,0.9255,0.0337,0.0082,0.0169,0.0116,0.0008,0.0007,0,0,0.0018,0.0008,0,0,0,0
site_374,24.89,,6.4,,,,,,,,,,,,0.7468,0.1339,0.0235,0.031,0.0428,0.0043,0.01,0.0006,0.0008,0.0033,0.003,0,0,0,0
site_375,24.89,,7,,,,,,,,,,,,0.7824,0.1136,0.0224,0.0267,0.0392,0.0033,0.0068,0.0005,0.0004,0.0022,0.0026,0,0,0,0
site_376,24.89,,6.8,,,,,,,,,,,,0.6922,0.16,0.0266,0.0403,0.0503,0.0058,0.0151,0.0007,0.0011,0.0043,0.0036,0,0,0,0
site_377,11.1,,3.88,,,,,,,,,,,,0.7692,0.018,0.019,0.156,0.0176,0.0058,0,0.0026,0.0004,0.0093,0.0021,0,0,0,0
site_378,9.5,,3.812,,,,,,,,,,,,0.6801,0.0203,0.0142,0.2281,0.0206,0.0101,0,0.0047,0,0.0183,0.0036,0,0,0,0
site_379,20.7,,3.878,,,,,,,,,,,,0.9491,0.0196,0.0107,0.0169,0.0019,0.0006,0,0.0004,0,0.0007,0.0001,0,0,0,0
site_380,17.4,,3.96,,,,,,,,,,,,0.893,0.0223,0.0106,0.0571,0.0102,0.0024,0,0.0013,0,0.0024,0.0009,0,0,0,0
site_381,15.8,,3.906,,,,,,,,,,,,0.8594,0.0286,0.0095,0.0781,0.0141,0.0029,0.0006,0.0015,0,0.0034,0.001,0,0,0.0009,0
site_382,16,,3.946,,,,,,,,,,,,0.9253,0.0159,0.0098,0.0403,0.0051,0.001,0,0.0006,0,0.0016,0.0003,0,0,0,0
site_383,14.9,,4.024,,,,,,,,,,,,0.9171,0.0184,0.0127,0.0413,0.0055,0.0015,0,0.0007,0,0.0019,0.0008,0,0,0,0
site_384,12.1,,3.934,,,,,,,,,,,,0.7301,0.027,0.0279,0.1621,0.0224,0.0088,0,0.0045,0,0.0126,0.0046,0,0,0,0
site_385,26.4,,5.124,,,,,,,,,,,,0.7752,0.0806,0.0111,0.0432,0.065,0.0046,0.0137,0,0,0.0022,0.0045,0,0,0,0
site_386,26.4,,3.818,,,,,,,,,,,,0.9552,0.0133,0.0083,0.0173,0.0031,0,0,0,0,0.0022,0.0004,0,0,0,0
site_387,11.1,,4.112,,,,,,,,,,,,0.7771,0.0221,0.0095,0.175,0,0.0054,0,0.003,0,0.0067,0.0013,0,0,0,0
site_388,8.9,,4.09,,,,,,,,,,,,0.674,0.0196,0.0098,0.2601,0,0.0122,0,0.0059,0,0.016,0.0025,0,0,0,0
site_389,7.7,,4.002,,,,,,,,,,,,0.6296,0.0229,0.0109,0.266,0.0294,0.0134,0,0.005,0,0.0192,0.0036,0,0,0,0
site_390,6.5,,4.94,,,,,,,,,,,,0.5188,0.0172,0.0174,0.3431,0.0388,0.0065,0,0.0022,0,0.0541,0.0019,0,0,0,0
site_391,11.1,,4.038,,,,,,,,,,,,0.5834,0.0371,0.0124,0.2644,0.0371,0.0107,0.0018,0.004,0,0.0395,0.0096,0,0,0,0
site_392,9.5,,3.838,,,,,,,,,,,,0.5705,0.0233,0.0244,0.2752,0.0385,0.0125,0,0.0058,0,0.0388,0.0096,0.0005,0.0002,0.0006,0
site_393,20.7,,3.764,,,,,,,,,,,,0.9483,0.0132,0.0093,0.0234,0.0038,0,0,0.001,0,0,0,0.0009,0,0,0
site_394,17.4,,3.8,,,,,,,,,,,,0.8009,0.0232,0.0138,0.1212,0.0204,0.0042,0,0.0032,0,0.0071,0.0025,0,0,0.0034,0
site_395,15.8,,3.812,,,,,,,,,,,,0.8185,0.0332,0.0108,0.097,0.0225,0.0048,0.0012,0.0022,0,0.0043,0.0016,0.0004,0.0008,0.0026,0
site_396,16,,4.098,,,,,,,,,,,,0.8555,0.0145,0.0115,0.0958,0.0142,0.0014,0,0.0008,0,0.0055,0.001,0,0,0,0
site_397,14.9,,3.91,,,,,,,,,,,,0.8244,0.0207,0.0133,0.1096,0.018,0.0025,0,0.0013,0,0.0077,0.002,0,0,0.0003,0
site_398,12.1,,3.874,,,,,,,,,,,,0.6717,0.0286,0.0387,0.2015,0.0209,0.0088,0,0.0049,0,0.0187,0.0055,0,0,0.0005,0
site_399,26.4,,4.38,,,,,,,,,,,,0.8194,0.0779,0.0226,0.0265,0.0319,0.0046,0.0092,0,0,0,0,0,0,0.0079,0
site_400,26.4,,3.75,,,,,,,,,,,,0.9525,0.0114,0.0076,0.0247,0.0038,0,0,0,0,0,0,0,0,0,0
site_401,11.1,,4.074,,,,,,,,,,,,0.7246,0.0186,0.0097,0.2003,0.0236,0.0041,0,0.0018,0,0.0133,0.0034,0,0,0.0004,0
site_402,8.9,,3.834,,,,,,,,,,,,0.5623,0.0252,0.0205,0.3108,0,0.0124,0,0.005,0,0.0534,0.009,0.0007,0,0.0009,0
site_403,7.7,,3.938,,,,,,,,,,,,0.5478,0.0233,0.0425,0.2751,0.0445,0.0119,0,0.0082,0,0.0401,0.0067,0,0,0,0
site_404,6.5,,4.456,,,,,,,,,,,,0.502,0.0263,0.0338,0.3108,0.0536,0.0079,0.0013,0.0025,0.0004,0.0599,0,0.0005,0,0.0011,0